CODEINTE,INTERMADIAIRE,VILLE_INTERMEDIAIRE,SINISTRE,COMMENTAIRE,POLICE,USAGE,CODNATSI,NATURE_SIN,DATE_SURVENANCE,DATEDECL,DATRECCO,DATE_OUVERTURE,OUVERT_PAR,DATE_CLOTURE,ASSURESP,TAUX_RESP_ASSURE,FLAG__HP,CANAL,LIEUSINI,VILLE_SINISTRE,PAYS,IMMATRICULATION_ASSURE,IDECONBA,LIB_BAREME,FAIT_GENERATEUR,CAUSE_CIRCONSTANCE,TYPE_RECOURS,COMPAGNIE_ADVERSE,NBR_VICTIME,GARANTIES,ETAPE,CODEGARA,GARANTIE,RUBRIQUE,MNT_REGLEMENT,MODE_PAIEMENT,TYPE_REGLEMENT,NATURE_REGLEMENT,DATESAIS,UTILSAIS,DATEVALI,UTILVALI,DATESIGN,UTILSIGN,STATUT_REG,STATUT_DOSS,NOM_BENE
4524,sport,Rebeccatown,international,bag,at,eight,person,standard,2020-04-05,2024-03-14,window,2022-12-28,himself,2020-10-14,Patrick Frazier,Marissa Terry,difficult,wife,ahead,East Carl,official,7NW18,notice,food,impact,whom,every,process,me,discover,scene,8330,issue,grow,98986,camera,trial,through,2021-03-13,cold,2020-10-11,I,2021-07-19,remember,no,about,movement
6363,movie,Port Marvin,interesting,face,after,structure,this,like,2022-07-29,2024-10-12,finally,2024-02-13,weight,2021-11-21,Jordan Martin,Nathan Martinez,event,guy,happen,Donnaport,statement,5YM32,assume,discuss,down,provide,see,job,bank,every,smile,1529,sign,maintain,861,wonder,total,certain,2022-06-06,pick,2020-01-16,crime,2024-11-18,control,standard,nearly,character
2562,win,Lake Kyle,down,home,class,chair,beautiful,very,2024-08-19,2022-03-24,cut,2024-01-30,agree,2021-04-05,Nicole Andersen,Michelle Warner,network,strong,fund,West Dennis,couple,978 KBR,about,statement,agency,cold,sea,since,condition,reflect,better,1410,professional,range,62964,girl,week,type,2024-10-27,house,2020-02-13,focus,2025-02-09,special,allow,some,rich
4209,film,Carlosport,yeah,spend,media,responsibility,suffer,between,2022-12-20,2022-03-26,cover,2021-07-14,fast,2023-07-09,Justin Boone,Luke Evans,hold,also,north,Lake Nicholas,total,899-FLH,see,so,anyone,then,memory,anything,sing,time,major,8488,of,mouth,70325,themselves,majority,turn,2021-05-25,training,2020-04-30,ten,2022-03-16,visit,these,more,art
6508,leg,Scottbury,store,expert,learn,suggest,red,although,2023-09-25,2024-03-02,guess,2023-09-16,toward,2023-07-01,Mr. Joseph Lopez,Nathan Anderson,girl,back,son,East Kevinhaven,someone,RBQ 921,imagine,business,adult,tend,yeah,teach,chance,tree,garden,3015,region,summer,72775,discover,wear,call,2022-04-05,population,2024-12-04,run,2025-03-07,program,too,right,know
1261,develop,Port Jeffreymouth,film,save,child,attack,trade,north,2021-11-12,2022-10-25,democratic,2020-02-27,citizen,2020-02-26,David Young,Michele Simon,off,suffer,wife,East Melindamouth,could,O24 8OH,where,country,miss,office,fish,pull,finally,force,like,5118,assume,hard,75785,bit,board,heavy,2022-11-05,ok,2021-02-15,imagine,2022-12-27,home,plant,fund,rich
6778,contain,Johnstonburgh,else,rich,child,project,behavior,five,2024-10-15,2024-06-05,write,2024-06-28,behind,2021-10-14,Michelle Richards,John Holmes,risk,claim,camera,Davisshire,strategy,KJE 805,than,eye,interest,word,none,various,system,those,land,1902,class,another,89222,side,industry,even,2020-11-16,player,2022-10-12,feeling,2020-08-19,one,relate,onto,forward
1325,west,South Amy,major,policy,all,recently,light,instead,2020-08-04,2020-10-09,pull,2020-12-19,set,2020-12-08,Lisa Jones,Ashley Zuniga,each,feeling,believe,East Michael,nor,734 AR0,number,bit,take,born,well,order,full,interest,able,4831,last,push,11114,every,party,ask,2024-04-01,plant,2025-02-12,painting,2022-10-10,yet,strong,project,crime
1957,very,Lake Jeff,consumer,research,animal,six,attorney,scene,2023-06-30,2021-01-30,account,2021-12-02,will,2020-01-26,Bruce Reeves,Ryan Cummings,society,general,not,South Jessicaview,sister,5E SC130,soldier,prepare,consumer,within,media,husband,benefit,assume,international,4351,question,individual,37929,thought,tax,do,2021-02-15,above,2024-09-04,institution,2024-09-25,happy,new,perform,company
3366,usually,New Rodney,feel,move,forget,media,major,old,2020-07-02,2023-03-25,move,2022-11-12,lawyer,2024-01-05,Carla Rodgers,Kevin Fox,still,final,listen,Ryanburgh,must,402 WVJ,shake,end,onto,safe,modern,environment,toward,much,thousand,5050,painting,into,26328,example,party,next,2020-05-12,although,2021-03-05,three,2021-10-31,officer,friend,state,significant
3230,where,Rebeccaville,big,maybe,particular,different,various,network,2023-07-15,2022-10-30,its,2021-05-16,fear,2020-04-27,James Graham MD,Jaclyn Edwards DDS,degree,past,other,South Jeffrey,nation,139 JYS,summer,gun,scientist,increase,industry,nice,second,special,speech,8579,skill,system,74423,manage,trial,dog,2021-11-02,explain,2023-12-12,miss,2024-10-02,seat,help,culture,include
8568,military,Benjaminville,modern,fear,across,theory,remain,whatever,2024-05-26,2023-12-01,finish,2025-02-10,safe,2022-09-16,Ian Larson,David Carpenter,region,soon,man,Newmanmouth,draw,0-86647S,remain,shake,next,hope,side,figure,individual,thousand,after,8890,mention,real,88281,challenge,practice,pretty,2023-08-25,education,2024-08-23,represent,2025-02-13,trouble,view,consumer,soon
1101,general,Hollyville,send,remain,many,wrong,total,allow,2024-03-24,2021-03-11,suggest,2024-01-25,travel,2022-11-26,Steven Quinn,Nicholas Sweeney,control,then,fish,Sarabury,least,087137,pull,history,attack,at,worry,billion,then,behind,third,9720,example,machine,79734,message,federal,stay,2024-09-14,relate,2024-03-26,laugh,2023-06-12,deep,threat,claim,full
4284,nearly,West Louis,whose,picture,assume,medical,back,about,2021-01-11,2022-10-14,certainly,2020-11-24,three,2025-01-20,Laura Keller,Heidi Massey,interesting,where,five,Tamarabury,real,IHM 856,play,decision,itself,believe,how,traditional,most,agent,after,4153,tax,above,31381,four,instead,significant,2024-06-22,magazine,2022-03-05,experience,2025-05-02,individual,establish,last,kind
4080,however,Brendamouth,pretty,agree,organization,today,option,measure,2020-09-06,2021-09-03,bank,2022-01-21,true,2021-06-21,Jessica Foster MD,Melissa Blake,treat,somebody,cold,Ericfurt,environment,156COV,senior,happen,explain,computer,machine,alone,blood,beyond,range,6210,and,eight,88942,tough,increase,PM,2021-05-12,phone,2023-06-01,hand,2020-03-31,argue,type,different,would
6684,onto,Starkhaven,result,doctor,involve,however,artist,people,2020-05-19,2023-10-05,may,2021-12-27,over,2023-11-11,Kathy Thompson,Abigail Hayes,view,cold,middle,Jacobmouth,land,7904,certainly,huge,cold,figure,service,world,I,figure,few,4142,unit,case,93007,civil,end,choose,2023-12-03,both,2023-12-21,almost,2023-11-21,enough,skill,us,safe
5588,size,Fernandezland,rule,learn,me,feeling,work,economy,2021-03-13,2024-07-14,world,2021-07-03,green,2024-02-17,Jack Miller,Kimberly Hughes,the,however,it,Andreaview,fine,MQJ 955,purpose,end,sport,heart,young,west,garden,lawyer,price,6948,issue,century,96813,seven,manager,effect,2022-01-04,where,2022-05-10,can,2024-06-14,resource,month,police,term
8785,range,New Lisa,attorney,news,series,admit,concern,computer,2023-05-13,2023-04-10,measure,2023-07-24,position,2022-01-18,Kelsey Glover,Kathleen Davis,director,friend,common,South Trevorview,factor,995E0,might,suddenly,stock,than,picture,customer,pick,rule,lay,6927,church,dark,89776,see,world,see,2024-02-01,reason,2022-06-22,including,2024-10-14,accept,if,card,power
2739,many,Bobbyberg,show,water,guess,seat,land,increase,2020-01-09,2021-09-03,spend,2021-06-28,important,2021-04-14,Dakota Snyder,Debra Ibarra,measure,military,their,West Diana,together,AI5 V5H,determine,idea,add,matter,heavy,so,billion,art,stuff,9624,listen,live,65565,college,page,particular,2022-01-22,structure,2022-09-12,choice,2023-06-12,mission,we,sister,green
3971,dog,Jonesland,full,consider,than,center,national,dinner,2022-01-24,2022-09-01,now,2025-04-07,important,2022-07-04,Darrell Colon,Joshua Wolf,support,now,blood,Gregoryburgh,experience,848-XDA,door,explain,often,purpose,smile,along,reflect,forward,least,7554,one,statement,49426,difficult,buy,scene,2021-09-24,generation,2021-02-16,good,2021-04-06,contain,free,term,follow
9473,appear,Glennstad,generation,account,college,born,offer,chance,2024-11-16,2021-04-24,others,2022-11-10,reduce,2023-01-30,Theresa Giles,Dr. Hannah Ortega,piece,condition,city,Bergmouth,should,8068 UA,kind,food,whether,deep,often,contain,simple,garden,amount,9386,former,drop,23622,get,head,choice,2022-12-14,who,2023-07-31,customer,2022-12-22,imagine,another,television,order
3037,western,Annettehaven,water,whatever,wife,stage,hope,us,2021-03-28,2020-06-27,Mrs,2020-06-06,professional,2024-02-10,Aaron Sanchez,Trevor Moss,wonder,vote,common,Knightside,laugh,6JU J42,whole,about,middle,be,this,hit,career,next,art,8765,election,order,46830,yet,step,song,2024-12-01,anyone,2022-06-22,international,2021-03-27,simply,personal,great,least
7957,focus,Lake Leeberg,usually,face,throw,could,free,especially,2024-05-01,2024-10-21,Republican,2022-03-26,game,2022-07-15,Kathryn Prince,Miss Shelby Holloway,my,seem,part,East Mary,real,48F962,foreign,rock,read,process,cell,general,where,task,usually,1418,remain,exist,28290,kid,will,foot,2020-08-10,throw,2020-05-18,design,2022-04-28,once,issue,main,want
1534,seat,Evansberg,public,heavy,back,many,generation,nature,2024-10-01,2024-12-28,city,2021-07-20,debate,2023-06-17,Eric Romero,Isabella Jordan,participant,again,middle,South Danaview,peace,719 GNF,measure,what,but,myself,three,body,everybody,society,boy,5821,trip,reduce,97028,experience,enough,season,2022-12-10,find,2024-01-19,west,2020-04-25,hit,general,agree,man
8842,alone,Lake Stephen,possible,few,here,home,because,common,2024-03-03,2020-06-19,save,2021-01-02,add,2021-08-27,Nicholas Thomas,John Anderson,away,hair,mouth,Paulside,out,USW 759,my,third,writer,community,culture,argue,protect,better,him,8652,interest,interview,59314,off,partner,others,2023-06-04,far,2020-02-04,kid,2020-09-01,certain,herself,line,almost
2134,close,Yateschester,second,take,cause,him,project,evidence,2021-08-24,2020-10-01,at,2021-02-28,tell,2023-10-19,Mr. Charles Larson,Leslie Roberson,use,science,ahead,South Seanburgh,media,TIK0612,return,then,five,report,single,adult,us,sometimes,word,1286,indeed,shake,37826,rather,concern,church,2020-04-20,receive,2023-06-20,local,2023-03-31,nation,investment,turn,season
1728,environmental,Danatown,spend,visit,hit,large,quality,process,2025-04-29,2022-03-10,church,2020-12-16,pull,2024-06-27,Sean Mendoza,Miss Laura Mejia,impact,well,ten,West Danielle,major,8-03844M,care,gun,center,energy,street,help,sign,structure,others,1372,painting,let,41154,young,use,sell,2024-06-12,health,2022-04-20,movie,2025-03-08,his,kitchen,network,entire
8418,effort,Lake Jane,once,rate,result,tough,then,during,2022-03-30,2022-05-27,program,2021-07-25,technology,2021-12-29,Mr. Nicholas Jones MD,Nicholas Davis,edge,respond,loss,Port Crystal,actually,87-29324,term,put,six,which,organization,into,lose,half,quite,7907,yourself,speak,42548,drug,pick,scientist,2022-11-11,western,2020-06-30,tell,2022-07-09,television,yourself,level,age
9340,give,North Cassandraborough,form,few,hotel,ever,any,none,2024-07-21,2022-04-01,particular,2021-11-26,develop,2021-06-11,Phillip Davis,Brian Glover,region,suffer,half,North Michaelview,deal,8U734,talk,war,rate,everything,part,never,shake,billion,traditional,5500,find,care,27714,indeed,will,either,2024-04-29,open,2020-03-10,beat,2021-08-20,policy,hear,minute,order
5189,once,East Natalieview,somebody,attack,professor,carry,true,over,2024-03-13,2025-01-21,kind,2022-04-07,new,2020-08-28,Omar Powers,Katie Jones,lose,top,suffer,Chadberg,develop,X82 8EC,child,however,usually,before,bad,floor,together,else,follow,5400,case,think,32243,husband,college,its,2024-12-03,hear,2020-09-19,administration,2022-05-06,involve,not,realize,structure
5102,walk,East Paulbury,ago,prepare,American,unit,glass,leader,2020-11-09,2020-06-18,toward,2022-04-12,fear,2024-10-24,Tony Harris,Gerald Andersen,affect,allow,avoid,Port Alexandriashire,green,EIV-824,keep,several,exist,else,tend,bill,best,order,good,6837,student,analysis,72276,because,wide,natural,2020-04-06,night,2024-06-09,tonight,2023-09-23,hand,food,population,environment
6627,eight,North Teresa,firm,rule,but,itself,glass,prove,2023-09-29,2024-07-17,beyond,2023-02-27,join,2023-11-16,Denise Potter,Patrick Anderson,religious,data,front,North Ryanmouth,court,CKG-0006,role,fire,throughout,generation,poor,just,rate,since,central,4222,detail,doctor,79745,her,allow,keep,2020-04-28,fill,2023-11-03,long,2025-02-05,campaign,south,cell,near
6683,hour,Kennethhaven,available,response,money,skill,stock,smile,2024-07-31,2021-01-16,wind,2021-03-06,model,2023-05-19,David Lewis,Meghan Garcia,certain,particularly,imagine,Chavezview,system,ZGG 846,really,for,role,through,red,respond,determine,with,mother,4476,modern,billion,21672,rest,than,vote,2022-08-30,subject,2023-01-02,middle,2024-12-25,above,mission,hard,mean
3294,play,West Sarahberg,name,return,discuss,page,bad,million,2025-01-06,2020-05-03,actually,2024-05-19,mention,2024-06-13,Rebecca Parks,Kevin Powers,each,machine,fire,Gregoryshire,glass,588 GJX,watch,do,evidence,describe,traditional,perhaps,four,role,authority,4836,phone,six,76875,by,local,see,2023-08-05,newspaper,2022-04-13,no,2022-06-29,our,speak,property,chance
8073,child,South Haley,few,top,fast,success,near,east,2021-12-18,2025-03-30,produce,2021-12-27,get,2021-09-26,Amy Dawson,Adam Perry,child,compare,middle,Hutchinsonborough,knowledge,NVZ-0436,hospital,represent,garden,player,cup,stay,organization,well,child,5706,step,ability,52250,young,wish,believe,2022-05-12,expert,2024-04-28,garden,2023-12-04,event,next,will,whose
7679,believe,Walterside,hit,than,show,discuss,hot,work,2023-05-31,2020-02-13,say,2020-02-20,once,2020-12-24,Douglas Powell,Jane Vasquez,from,effort,interview,Kathyville,ball,4ZL 874,report,generation,upon,actually,mouth,nor,his,affect,action,8610,treat,seven,87328,sometimes,but,plant,2021-10-15,section,2023-08-21,everybody,2022-05-07,whole,staff,never,want
7655,idea,East Cynthiaville,get,who,way,street,ok,forward,2022-08-18,2021-05-26,expect,2021-07-08,sort,2025-02-11,Amy Williams,Cheryl Mitchell,quality,full,investment,Rosehaven,however,YUV0991,worker,fast,personal,floor,someone,foreign,design,wide,their,1469,current,early,9123,thank,herself,heart,2021-08-03,American,2021-01-13,leg,2022-04-10,Republican,myself,life,how
9821,piece,Sydneyport,work,expect,rest,PM,man,class,2022-04-07,2023-07-02,half,2023-09-30,almost,2023-04-15,Anna Lee,Donald Rogers,stock,short,teacher,Aaronberg,series,608 JMV,certainly,film,person,show,pick,write,ask,possible,throw,9494,avoid,business,55805,during,act,act,2025-04-20,turn,2024-03-30,possible,2022-07-21,point,discussion,protect,image
9006,including,Stephaniefort,bar,surface,evening,school,lead,doctor,2022-02-18,2021-08-13,peace,2025-02-17,set,2022-02-19,Sara Baker,Meghan Martin,seven,employee,crime,Ricardobury,available,GZJ-924,record,all,final,write,major,community,especially,class,result,6000,put,family,85710,prove,physical,nearly,2023-07-15,factor,2020-05-02,heart,2020-05-07,image,yard,another,speak
3390,pretty,Jamietown,determine,worker,late,me,trouble,money,2025-04-27,2024-10-09,power,2022-09-25,mother,2021-04-03,Brianna Yu,Whitney Walker,director,recognize,without,North Angela,beautiful,106398,floor,true,into,clearly,medical,day,his,decide,provide,5021,crime,star,38527,figure,mention,bit,2021-05-22,ask,2023-02-14,music,2020-08-29,picture,dinner,food,himself
9856,relate,West Ryanberg,forget,form,shake,seek,need,manage,2022-06-05,2023-11-07,present,2023-11-20,say,2024-07-04,Jeffrey Jones,Kyle Stewart,middle,laugh,it,West Keith,else,82BO4,nature,nearly,entire,blood,environment,other,size,score,although,3221,song,issue,27150,near,grow,scientist,2024-12-05,scientist,2020-05-17,attorney,2025-01-25,live,group,oil,thought
1167,free,North Brianna,level,around,free,the,above,guess,2021-01-16,2023-03-10,contain,2023-12-07,send,2023-05-02,Douglas Jensen,Jose Campbell,clearly,time,instead,East Marcus,happy,971088,then,short,at,those,less,real,computer,fine,question,3426,bill,hair,89910,growth,wait,knowledge,2024-06-08,threat,2021-07-10,interview,2024-02-11,him,newspaper,shoulder,reveal
5336,be,West Sherry,finally,name,operation,move,recent,me,2024-09-16,2024-09-21,position,2025-03-25,school,2022-10-10,Kristi Lopez,Betty Arnold,meeting,box,study,Aprilmouth,fly,LO 05107,memory,choice,research,science,direction,building,enough,feel,I,9119,eight,include,18749,hard,assume,forward,2023-08-03,safe,2025-03-02,you,2023-01-17,prepare,too,policy,color
5848,imagine,Kelleyville,must,that,the,check,office,save,2022-08-28,2020-09-24,hair,2020-12-25,will,2024-01-08,Jennifer Fleming,Harold Kelly,authority,could,mention,New Kevinport,similar,9P FB212,pass,how,possible,production,attention,respond,reason,international,conference,5253,experience,wide,19706,in,reason,summer,2021-08-29,probably,2021-11-02,can,2023-07-19,police,subject,tell,cut
7821,yeah,Garnertown,part,over,money,begin,significant,push,2025-04-11,2022-03-24,growth,2021-06-03,ok,2021-12-05,Dennis Wilson,Kristin Wilkerson,show,focus,positive,Johnathanside,truth,7G J8456,item,at,make,box,pull,certain,tonight,especially,major,7896,hair,staff,63999,thousand,assume,director,2022-09-02,herself,2024-12-05,specific,2021-04-15,now,country,score,dream
6966,buy,West Danielhaven,notice,treat,painting,contain,take,bed,2023-10-28,2023-12-20,finally,2022-01-03,interesting,2020-10-06,Veronica Mora,Michael Bean,break,knowledge,prevent,Lake Christopher,range,HVB 062,thousand,source,plant,military,challenge,exist,bring,baby,early,4660,often,concern,85191,kid,television,poor,2022-03-12,wide,2022-02-21,ten,2024-12-08,necessary,door,traditional,executive
7381,child,West Danielleberg,floor,part,positive,herself,also,increase,2020-02-22,2020-10-14,each,2024-02-04,detail,2024-06-19,Dr. Jessica Jones DDS,Daniel Saunders,take,religious,memory,Shawland,face,QIL-1619,with,week,term,medical,establish,while,position,night,property,1791,near,world,70817,consider,PM,store,2025-01-04,throw,2020-01-10,different,2021-02-15,research,way,hit,scientist
9185,attack,Stevenburgh,thousand,of,artist,born,dinner,prevent,2023-08-24,2020-12-21,everyone,2025-04-28,cut,2021-03-17,Shawn Stein,Mrs. Jenny Williams MD,language,mother,charge,West Timothy,network,1-2166D,soldier,open,book,military,whose,age,appear,develop,source,1614,state,sense,96162,billion,safe,cause,2020-05-09,science,2025-03-10,Republican,2024-01-09,able,budget,teacher,teacher
4744,service,Welchland,capital,better,her,smile,if,indeed,2022-09-18,2025-05-03,in,2021-12-27,Republican,2024-06-19,Gregory Baird,Victor Hobbs,happen,investment,guy,South Toni,four,058 THH,official,design,million,answer,run,sell,dark,pick,against,7933,local,provide,7457,training,language,wall,2020-04-04,contain,2023-12-26,simple,2023-11-02,heart,contain,material,minute
3860,people,South Linda,cover,what,wear,goal,look,cup,2020-12-27,2020-08-20,building,2024-12-20,born,2024-09-29,Nicholas Rogers,Kristin Evans,bad,become,or,Lake Erinstad,region,359NQ,leave,team,street,education,down,for,traditional,both,listen,6299,knowledge,teach,28710,window,television,they,2024-09-02,else,2020-05-04,large,2020-12-02,defense,interesting,defense,away
6840,federal,Lake Joelburgh,skill,well,method,its,television,old,2021-03-05,2021-03-13,art,2022-02-16,hold,2024-02-26,Gina Smith,Margaret Lam,wife,behind,the,South Jesse,team,RI-2190,interview,and,bank,season,market,whole,talk,others,join,5602,expect,mind,42571,whole,inside,fine,2022-03-08,couple,2021-03-30,field,2024-01-12,source,nice,ever,nature
1963,offer,South Matthew,film,second,TV,affect,result,very,2024-04-14,2023-12-04,culture,2021-04-19,wall,2021-08-16,Eric Winters,Julie Schmidt,speech,effect,consumer,Brianhaven,lay,IFG6298,good,cell,rather,garden,chair,follow,walk,top,central,2985,government,suggest,42401,style,scene,step,2020-07-22,crime,2020-05-01,fast,2020-03-21,force,hear,life,western
9732,ago,Danielport,interest,within,reality,assume,focus,grow,2023-01-15,2020-01-28,particularly,2021-06-05,allow,2021-09-09,Bradley Stewart,Mike Stewart,certainly,must,movie,West Jasmine,until,1C 38731,evidence,particularly,heart,early,this,race,according,outside,put,5322,apply,dark,775,full,pass,Mrs,2021-11-17,ever,2022-08-28,avoid,2022-07-11,right,item,rise,expect
1673,fund,Bondberg,memory,new,smile,pressure,whom,respond,2023-07-01,2023-08-19,environmental,2024-12-01,play,2022-11-08,Megan Kennedy,Michael Wilson,article,current,commercial,Port Cindy,grow,699C9,total,wait,process,about,no,stand,father,tend,have,1269,radio,its,831,first,draw,short,2023-08-13,ready,2024-06-26,possible,2024-04-18,such,success,discuss,prevent
4742,sure,Mcbridestad,at,with,since,west,performance,imagine,2024-02-20,2024-12-01,son,2020-01-24,city,2025-03-22,Timothy Nelson,Elijah Kramer,husband,recent,mission,Port Robert,before,930 8YY,risk,government,finally,person,left,material,life,cover,short,9972,while,head,59699,activity,stay,development,2023-10-26,court,2022-08-15,rate,2020-10-15,protect,beat,despite,democratic
7167,call,East Laurie,produce,we,weight,material,shake,painting,2023-12-24,2023-06-15,room,2020-11-02,truth,2023-02-16,Maria Reed,Cynthia Kim,decade,almost,increase,Martinezmouth,east,BKA8620,paper,half,stage,possible,black,every,court,green,send,1800,stuff,our,36489,sort,be,beautiful,2022-01-28,year,2022-03-12,for,2022-10-20,check,itself,wife,loss
9186,lose,Craigfort,treat,accept,turn,fire,traditional,professional,2025-01-02,2020-03-17,image,2022-03-29,bad,2021-12-20,Donna Barnett,Tyler Walker,never,peace,hope,Ericfort,already,RAD3779,movement,customer,some,high,before,society,including,professor,American,2892,education,hear,95941,allow,floor,man,2024-08-07,yard,2023-08-13,Mr,2022-03-03,treat,must,sport,tough
5321,real,Wilcoxside,like,national,size,hope,system,stop,2021-11-02,2024-03-13,machine,2020-04-06,now,2022-10-20,Kathy Beasley,Alex Fields,sure,deep,traditional,Codyborough,pattern,750-NRO,democratic,though,get,clear,glass,day,candidate,meeting,actually,6370,occur,government,52630,turn,region,resource,2023-05-05,though,2025-05-05,citizen,2024-09-03,agency,month,fish,court
5093,else,Stevenburgh,east,open,degree,magazine,entire,begin,2024-01-05,2021-01-25,history,2021-07-20,song,2023-12-27,Christopher Simpson,Jake Marsh,present,feel,free,Lovestad,economic,IZW3019,want,go,page,teach,relate,civil,difference,economy,ask,8615,mention,range,66823,ok,subject,experience,2022-12-19,front,2020-04-17,likely,2023-09-30,candidate,development,summer,hold
5461,like,Benjaminchester,wind,start,message,turn,image,or,2023-10-04,2021-10-05,avoid,2022-02-13,chair,2023-09-03,Jessica Ross,Erin Hernandez,single,network,much,Nicholasfort,world,37M S95,attorney,smile,movie,civil,program,ask,court,break,be,9054,defense,pay,31511,case,approach,level,2021-02-21,purpose,2025-04-06,nice,2024-12-09,hope,suggest,and,you
3374,listen,Lake Jenniferton,attack,young,rise,ground,soldier,sometimes,2022-08-31,2020-02-24,every,2021-07-20,although,2021-08-05,Dr. Anita Mays DDS,Ms. Jennifer Singleton,special,quite,for,Strongtown,off,JZG 2157,here,leg,not,base,indeed,else,in,suddenly,character,9104,style,protect,5427,offer,at,check,2020-12-26,politics,2023-01-11,television,2023-06-02,car,decide,make,nothing
3775,scientist,Lake Jamietown,ten,hair,against,should,color,you,2023-11-23,2024-08-24,idea,2022-12-31,ahead,2025-01-13,Angela King,Sergio Williams,often,law,tend,West David,take,495JT,watch,day,off,parent,yet,among,degree,page,process,1663,this,doctor,6217,state,determine,until,2024-04-22,green,2025-03-01,action,2020-06-10,enter,join,same,whom
1896,camera,Rebeccaside,task,huge,dream,performance,site,commercial,2021-12-13,2021-04-02,continue,2022-11-16,describe,2021-12-18,Cynthia Newman,Jonathan Simpson,series,material,right,East Douglasberg,commercial,BNQ-9158,live,ball,yourself,in,next,find,life,hand,upon,6997,phone,line,54876,state,tell,mind,2020-12-31,born,2022-10-10,compare,2020-10-25,hand,its,age,research
1688,just,Jarvisview,course,kitchen,option,simply,house,character,2022-12-17,2021-06-07,political,2020-11-25,just,2021-04-24,Melissa Cisneros,Christopher Graham,set,daughter,body,South Sandra,wife,9-86057,surface,speech,together,amount,executive,but,network,day,get,1478,movement,cost,58830,establish,sport,research,2022-08-07,receive,2024-07-08,town,2022-02-18,TV,activity,room,itself
6288,factor,West Alexanderbury,final,particularly,enough,like,quickly,great,2022-02-21,2024-06-05,meet,2025-03-09,need,2024-03-04,Richard Mcgee,Kristi Stewart,resource,direction,reason,Barnestown,not,2U 1143V,voice,rather,entire,speech,up,inside,third,time,act,9650,whose,half,70134,life,girl,around,2025-03-10,probably,2024-01-13,American,2024-12-27,attention,explain,debate,she
2672,summer,Leonardfurt,state,same,reflect,yard,there,analysis,2025-02-05,2021-12-04,upon,2020-10-30,tree,2024-08-16,Jason Martin,Michael Harrison,remain,because,very,Callahanside,community,230 WMU,quality,how,often,popular,expect,use,couple,table,point,2858,require,coach,52786,provide,article,concern,2020-07-28,hair,2020-12-10,kitchen,2023-03-16,bad,service,they,onto
1081,player,Nathanielside,party,home,quality,place,season,state,2022-08-20,2020-06-26,truth,2023-12-13,eat,2022-12-02,Pamela Lewis,Andrew Wade,page,hand,eight,New Beverly,week,319P,affect,indicate,stock,friend,loss,especially,understand,pressure,candidate,9243,player,matter,9198,training,set,low,2025-04-11,option,2024-10-10,campaign,2022-09-25,why,effect,face,television
1432,radio,Port Cynthiabury,statement,poor,note,baby,guess,clear,2021-10-18,2020-09-07,discuss,2021-07-18,man,2022-01-04,Deborah Greene,Michelle Carey,fire,upon,attention,East Patrick,soon,568-DKU,last,happen,practice,charge,hear,tough,arrive,direction,institution,7776,alone,degree,78446,population,number,cup,2022-05-13,knowledge,2023-08-16,system,2022-12-09,red,rate,attorney,today
4755,happen,Jonesborough,because,direction,institution,pretty,describe,out,2022-11-11,2021-02-02,radio,2024-08-31,total,2022-02-25,Dr. Charlene Gregory,Laura Dunn,memory,will,occur,Danielsmouth,nearly,HX7 P8K,listen,born,success,million,claim,ready,page,recognize,describe,7023,detail,treatment,70418,rule,teach,five,2022-12-01,deep,2022-09-25,training,2022-12-25,recently,require,expert,stay
5903,teach,West Josephbury,southern,father,chance,edge,friend,different,2020-11-11,2024-03-26,force,2024-06-20,assume,2025-03-08,William Nicholson,Douglas Farmer,step,say,understand,South Ryan,high,4Q HG483,job,look,thing,face,media,single,international,rich,model,8032,experience,tax,30589,seat,have,people,2024-09-04,special,2021-06-22,page,2020-10-17,finish,skill,great,spend
6738,statement,Dannyburgh,near,media,generation,interesting,operation,foot,2024-01-05,2022-12-21,hot,2023-04-29,memory,2023-04-08,Jessica Black,Steven Johnson,against,million,paper,Port Christopherside,explain,169-CXT,south,half,news,movie,environmental,that,move,later,information,3038,sit,road,83523,least,leave,appear,2022-03-14,military,2020-12-09,beyond,2023-05-21,force,financial,strong,right
9369,senior,West Kaylahaven,hospital,hand,culture,professor,capital,room,2020-01-15,2024-08-24,letter,2023-05-19,sound,2023-05-07,Kendra Foster,John Hernandez,decide,organization,reach,Vincentfort,likely,954-YUT,him,key,forget,until,movement,page,raise,cover,make,1391,voice,step,49146,want,work,clearly,2022-01-26,right,2023-04-04,same,2023-06-30,pull,success,occur,political
7754,against,Lake Tyler,magazine,receive,first,hundred,however,offer,2020-12-28,2021-10-03,face,2023-01-18,common,2020-01-24,Felicia Bailey,Dr. Renee Dixon,able,coach,near,North Rachelmouth,firm,FSV 773,line,clearly,science,hope,agency,concern,much,everyone,where,2358,speech,late,98013,rest,plan,senior,2023-12-07,especially,2022-10-12,relationship,2020-05-25,visit,under,media,high
9941,cell,East Saraview,project,offer,believe,above,Democrat,past,2024-04-11,2025-03-31,remember,2020-07-03,college,2021-05-22,Connor Lopez,Christina Reed,risk,religious,sell,Michelleton,determine,14-0525I,ok,series,rather,wonder,cup,since,put,us,these,1732,arrive,table,65302,leg,particularly,Democrat,2024-12-27,three,2024-11-02,down,2024-03-20,family,thought,which,major
1512,the,Meganburgh,subject,career,miss,teacher,win,certain,2020-02-15,2020-07-07,company,2021-04-21,deep,2023-12-24,William Clark,Anthony Johnson,necessary,example,administration,New Stacy,trip,157898,beyond,put,against,red,by,mention,everybody,drop,front,8302,Republican,enter,50116,Mrs,need,hour,2021-01-01,work,2020-02-09,part,2022-02-10,until,cause,just,better
6894,line,North Christopher,area,card,form,artist,price,ability,2024-03-14,2021-11-11,into,2021-05-19,possible,2024-01-25,Jeffrey Thompson,Clinton Lowe,type,network,nature,New Sheila,player,5UZ5987,rich,exist,study,cost,somebody,policy,perform,plant,politics,3795,condition,generation,68464,sea,person,determine,2023-08-04,about,2024-01-19,past,2022-01-17,management,significant,indicate,customer
6128,become,Tracyshire,foreign,her,where,career,fill,whatever,2021-07-29,2020-12-21,learn,2021-04-04,bag,2020-10-18,Craig Sanders,Stephen Perry,role,young,president,Grahamfort,loss,9C298,pick,share,break,really,conference,military,end,learn,sound,1859,smile,doctor,32645,sea,compare,major,2023-01-31,trial,2020-03-27,water,2021-01-12,bill,including,magazine,effect
8976,north,Amberland,order,any,entire,director,school,growth,2020-08-31,2023-02-02,TV,2020-06-26,hit,2023-09-05,Louis Wright,Erika Medina,they,eight,seat,South Janeville,remain,28CY280,ten,maintain,around,address,office,development,positive,pay,happen,3403,mother,couple,60492,institution,strategy,parent,2025-02-15,mind,2023-10-05,once,2024-05-22,how,clear,ok,likely
2371,or,Krystalborough,pretty,thus,speak,player,product,particular,2023-12-18,2020-10-28,up,2024-06-27,anyone,2023-12-20,Edward Gregory,Casey Green,worry,forward,address,Smithfurt,chance,CKV1409,technology,particularly,probably,fine,several,morning,who,them,side,7615,increase,force,97889,result,yes,star,2021-01-09,actually,2024-05-26,throw,2025-01-07,around,example,expert,sister
9753,guess,Navarroburgh,feel,up,media,book,discussion,yeah,2023-09-08,2020-04-06,pick,2024-12-22,power,2021-07-18,Aaron Buck,Christopher Rivera,tend,treat,military,East Rebecca,learn,78JO5,baby,listen,daughter,another,seek,audience,law,above,sign,6954,measure,four,68108,central,adult,ahead,2024-12-11,response,2021-04-19,product,2021-07-14,sound,message,none,strong
2108,adult,New Lindsey,war,arm,often,follow,great,check,2020-04-28,2024-06-03,station,2020-03-18,well,2020-04-06,Michael Dennis,Gina Hernandez,economic,weight,its,Aprilport,whole,595-FPK,whom,role,whole,add,during,standard,consumer,among,author,2513,change,write,83358,section,range,go,2024-01-05,program,2020-01-22,scientist,2020-01-24,around,may,international,yes
7116,official,New Teresa,set,quite,environment,south,church,so,2021-10-29,2021-10-01,hear,2024-04-28,produce,2024-07-23,Hector Whitaker,Sarah Bailey,represent,win,pressure,Port Jeffreyton,read,88S X46,audience,quickly,physical,note,thing,of,consumer,relate,young,1510,school,thing,39356,little,item,significant,2024-05-18,affect,2023-05-06,house,2022-08-06,drug,surface,their,bill
6226,above,West Danielle,reach,people,treat,follow,feeling,much,2022-09-26,2024-03-31,serious,2022-12-18,word,2022-12-22,Jacob Hernandez,Krystal Coffey,leave,mind,least,East Heather,whether,MVJ 534,agree,participant,scientist,issue,for,owner,figure,never,dog,9644,audience,adult,60860,tell,player,prevent,2023-03-24,simple,2020-04-21,beat,2024-05-01,study,compare,thank,dinner
1332,material,Phillipberg,attack,exactly,follow,home,population,trouble,2021-11-10,2022-02-04,note,2023-12-30,wonder,2022-06-22,Scott Mcmahon,Vanessa Chandler,power,ready,opportunity,Port Alejandro,prevent,YXC-5288,section,travel,off,smile,at,both,treatment,reason,culture,8887,site,tough,74963,plant,everything,sit,2023-09-18,result,2021-07-27,star,2025-04-18,thank,page,national,station
3950,career,Ginastad,start,fall,Republican,fall,loss,manage,2022-09-07,2024-10-29,owner,2022-04-07,around,2022-04-07,Daniel Taylor,Susan Bailey MD,newspaper,part,chair,Thomasstad,night,M05 8AR,somebody,create,oil,east,push,protect,push,recent,have,5333,suggest,partner,84834,challenge,night,board,2020-03-26,rather,2024-04-03,manage,2024-10-20,first,result,boy,international
8561,meet,Hendersonbury,show,draw,during,officer,see,worker,2020-11-15,2020-11-06,and,2021-01-25,career,2024-04-20,Brittany Smith,Alex Williamson,interesting,issue,stay,New Pamela,instead,784 YTN,condition,ten,these,three,task,teacher,each,social,experience,4486,source,purpose,59954,position,so,system,2024-10-02,computer,2023-10-07,everybody,2022-11-30,energy,piece,teacher,not
4521,performance,East Danielland,different,win,yourself,movie,level,white,2023-09-11,2020-01-15,rise,2025-03-24,service,2020-09-28,Kimberly Stephens,Raymond Miller,where,at,threat,Port Amanda,century,HSG W17,employee,force,create,effect,half,school,behind,game,enjoy,9370,free,firm,26600,energy,morning,language,2024-05-27,voice,2024-01-22,dinner,2023-04-22,sit,whether,material,lose
2459,reason,New Isabel,five,lead,career,skin,bad,century,2022-11-11,2023-10-05,wife,2020-04-25,long,2021-08-11,Jodi Daniels,Sharon Johnston,then,end,space,Caldwellbury,structure,MJQ-4407,top,attack,difficult,home,minute,question,war,moment,include,5594,training,reveal,68450,least,officer,great,2020-05-29,enjoy,2024-06-02,such,2023-05-13,peace,then,provide,whose
2787,entire,Davismouth,make,we,guess,involve,as,beautiful,2023-09-29,2021-10-01,a,2021-08-23,call,2023-11-16,Terry Thomas,Christina Owen,reality,finish,trouble,Lake Jason,concern,354-AEF,option,above,hospital,near,soldier,by,already,course,water,5390,alone,various,3046,miss,situation,position,2025-01-05,build,2021-04-11,believe,2024-01-16,station,member,remember,manage
7240,administration,Andersonborough,throughout,above,challenge,lose,story,growth,2023-10-30,2024-01-18,international,2021-11-22,black,2021-03-09,Tracy Morgan,Taylor Wu,affect,pattern,cause,Brownmouth,miss,1-4179V,show,general,against,song,southern,radio,upon,education,certainly,9650,say,section,56881,visit,news,hospital,2023-06-24,growth,2020-08-25,which,2021-12-24,marriage,walk,industry,discover
4643,always,Kathrynport,fill,together,research,message,future,as,2022-06-21,2025-04-10,music,2023-10-12,training,2021-04-13,Michele Jones,Mr. Jonathan Diaz,sit,several,fish,Jodyton,age,9P O7535,within,worker,interview,the,data,nearly,three,man,next,3464,yeah,sense,10445,key,do,difference,2022-10-28,price,2020-08-20,find,2021-02-17,similar,black,data,top
8604,author,Kendraview,let,first,center,education,role,how,2021-04-03,2023-03-19,be,2023-02-14,five,2021-06-16,Adam Compton,John Mcguire,happy,east,movie,Jasonport,fund,150 ROG,per,front,stay,customer,country,direction,drop,trade,do,6294,city,everyone,50194,indicate,allow,image,2021-01-31,several,2023-02-19,art,2020-02-23,effort,music,cut,body
1886,story,Sullivanberg,cut,kid,from,people,idea,trouble,2023-08-30,2023-02-26,stand,2022-05-10,see,2024-11-18,Megan Davis,Jessica Wallace,rather,else,city,Turnerton,and,53RC1,for,star,son,record,attorney,heavy,then,material,evening,7015,treat,sound,8869,receive,respond,reduce,2023-12-04,argue,2022-06-04,note,2022-02-09,everything,front,team,realize
3265,true,South Kyle,customer,over,hard,draw,third,four,2020-12-12,2022-01-16,beyond,2022-03-06,economic,2022-01-02,Tammy Harper,Timothy Lee,change,no,difficult,Thorntonland,number,LRE-3110,join,art,they,right,tree,alone,amount,amount,policy,2770,bar,recognize,95369,about,oil,civil,2020-02-16,both,2023-02-20,worker,2022-09-08,night,maybe,sign,able
5968,director,Terrellport,citizen,food,movement,ability,real,pattern,2022-11-22,2025-03-21,popular,2024-02-15,bar,2020-02-18,Marcus Cole,Brett Merritt,knowledge,third,million,Huffton,whether,275 OVH,compare,buy,commercial,happy,prove,I,development,discussion,affect,5568,agent,beat,96669,free,picture,billion,2023-01-02,general,2020-06-28,himself,2021-01-29,director,language,Mr,return
5202,station,Stephaniehaven,it,movement,near,record,beat,break,2021-03-10,2024-12-21,health,2021-12-01,piece,2021-11-26,Karen Castro,Robert Graham,institution,smile,traditional,Kathryntown,human,RSQ 527,try,strategy,key,hope,night,give,owner,bill,paper,6092,because,black,73380,price,Congress,charge,2020-07-02,Democrat,2022-05-13,often,2022-12-06,claim,concern,present,go
1780,kitchen,Matthewhaven,production,guy,hold,especially,wait,people,2024-10-29,2022-10-16,much,2022-08-03,weight,2021-04-27,Emily Sheppard,Deborah Hicks,effort,how,great,Welchstad,type,0H 7825D,behavior,film,live,people,condition,quite,performance,wide,pretty,9129,sign,development,10961,window,part,project,2024-04-13,themselves,2023-08-21,magazine,2020-04-13,of,happen,model,number
6939,newspaper,Andreaberg,key,large,leader,way,marriage,him,2025-05-01,2022-11-25,discussion,2023-07-25,choose,2024-08-08,Thomas Wilkins,Shannon Hall,ask,property,we,Brianmouth,us,043EDF,role,risk,instead,major,join,then,south,close,experience,6929,behavior,build,2807,agreement,whole,so,2020-04-17,send,2024-12-13,magazine,2024-03-03,reason,claim,there,both
5879,office,Thomasmouth,similar,year,its,reason,option,line,2020-03-02,2020-02-29,technology,2020-07-07,large,2024-08-29,Andrew Davis,Andre Morgan,energy,recognize,leg,Baileybury,under,6OP G57,leg,usually,model,old,create,heavy,can,mission,and,4782,form,evidence,10480,whose,surface,decision,2023-04-16,even,2025-02-06,coach,2020-11-08,western,baby,they,us
7177,pass,Annetteborough,cold,so,piece,behavior,if,see,2024-08-24,2023-12-20,force,2021-04-12,list,2021-08-13,Terry Brown,Christopher Williams,call,week,hear,East Kylemouth,sister,ZSM 096,middle,movement,American,before,chair,exist,some,write,cut,4046,rock,investment,87516,draw,sister,increase,2021-08-26,finally,2023-07-24,power,2020-03-12,number,staff,act,sister
3695,tonight,Lake Jason,walk,key,just,score,something,quite,2021-03-17,2021-09-29,consumer,2021-05-08,success,2023-05-09,Ronald Brown,Linda Rogers,guess,later,hand,East Jasonmouth,include,617 YJS,attorney,back,sea,never,perform,eat,financial,crime,necessary,5549,national,sort,82466,again,remain,collection,2021-07-16,prepare,2025-04-23,out,2021-11-19,important,whom,community,herself
7294,democratic,West Nancybury,hour,more,produce,company,foot,into,2022-05-10,2021-05-10,source,2022-06-13,south,2024-08-26,Linda Mcmahon,Wendy Bridges,life,hope,pick,Harrisonland,unit,B36 1ND,coach,card,trial,officer,standard,now,tax,accept,course,7390,clear,group,44546,yes,without,truth,2021-12-03,food,2022-10-01,morning,2020-10-25,exactly,carry,level,idea
7548,born,Cindyville,military,light,blue,population,of,simply,2023-09-21,2023-09-30,around,2021-06-14,take,2021-10-04,Philip Brown,Michael Kaiser,note,expect,create,Harrisburgh,stand,889 YXF,rate,one,attack,itself,enjoy,past,nature,play,event,4036,she,training,62196,school,significant,term,2022-01-13,music,2023-08-17,edge,2020-12-14,such,front,hear,bill
9276,entire,Jamesmouth,central,late,half,right,in,heavy,2020-10-09,2020-04-30,now,2023-10-13,stage,2024-02-08,Nathan Wilson,Paula Brown,million,stop,present,North Troy,poor,MSJ-5285,seem,politics,throughout,big,west,defense,industry,herself,board,1425,significant,stage,33257,position,race,time,2020-06-17,treatment,2022-12-01,prepare,2022-10-13,machine,clear,appear,forward
8512,soldier,West Andre,seem,future,sort,church,they,game,2023-02-13,2020-10-09,although,2021-10-06,marriage,2024-04-08,Debra Berry,Yolanda Estrada,policy,happy,pattern,Port Austinchester,dinner,7UN19,play,price,art,resource,situation,ok,control,hand,public,2001,newspaper,offer,53179,serious,while,thought,2022-09-05,land,2022-11-09,reach,2021-09-21,blood,best,message,model
1560,she,East Justinport,allow,east,thought,finish,recent,quite,2022-09-28,2021-11-23,yes,2022-02-14,hope,2024-01-19,Christopher Davis,Christine Watkins,operation,more,senior,New Christopher,sign,445 YBR,degree,sport,player,full,beautiful,management,again,about,relationship,9981,list,country,30384,civil,letter,yes,2022-02-01,position,2024-12-13,produce,2023-02-04,mind,ball,product,manager
8805,bar,Weissland,perhaps,statement,toward,those,mouth,water,2022-01-30,2025-03-01,expect,2021-04-21,fast,2025-01-12,Douglas Short,Traci Flores,carry,list,minute,Williamfurt,bad,3JGP 51,ago,threat,take,agency,them,deal,meeting,success,attack,7092,center,anyone,10826,at,owner,pull,2020-06-15,same,2024-09-24,suffer,2023-07-14,society,study,clearly,true
8676,begin,New Johnport,decision,Mr,military,modern,media,economic,2022-03-13,2023-05-01,personal,2020-07-17,coach,2023-05-08,Keith Mccarty,Andrew Johnson,international,performance,war,Lake April,nor,6FS 444,food,police,network,thank,police,seven,bag,coach,leader,7226,paper,face,43117,pull,should,source,2025-02-15,product,2020-08-05,go,2022-07-29,executive,way,itself,part
2706,service,Lake Lindseymouth,step,democratic,machine,former,media,help,2022-06-08,2023-06-19,wish,2021-09-13,surface,2022-12-04,Ellen Williams,Johnny Thompson,some,better,involve,Davidhaven,explain,J43 5LK,economy,member,employee,maybe,way,into,degree,really,fact,7422,door,sport,21100,strategy,tough,local,2023-10-14,individual,2022-04-14,husband,2021-02-24,law,car,let,recognize
2226,join,Port Nicholasberg,lawyer,hot,big,its,television,yes,2021-10-25,2023-05-06,several,2024-04-12,their,2021-05-26,Diana Noble,Beverly Green,they,nothing,thank,Davishaven,voice,781I,think,accept,produce,nothing,interest,economy,nice,share,Congress,1608,three,property,94066,remain,yes,perhaps,2022-09-27,effect,2025-03-03,blood,2023-06-19,them,ahead,apply,small
6453,new,Rickystad,minute,character,including,campaign,despite,job,2024-06-21,2023-09-08,authority,2022-05-17,carry,2021-10-14,Nicholas Osborn,Paul Gordon,black,during,in,Christineview,within,JGU-4478,include,manage,product,order,tend,rich,close,look,minute,6441,clear,nation,28345,real,try,notice,2020-08-25,eye,2024-10-23,outside,2021-11-07,all,tonight,environmental,quality
6288,same,New Alexandra,represent,bar,state,experience,we,case,2020-02-15,2023-12-12,run,2021-07-06,local,2020-09-04,Robert Taylor,Kimberly Vaughn,item,simply,later,Lopezport,alone,8C411,blue,movement,federal,pass,bar,space,reach,spring,young,3960,air,participant,34133,window,watch,our,2021-09-05,environment,2021-02-26,change,2024-03-31,quite,mean,if,positive
5485,training,New Jason,view,strategy,various,describe,air,interesting,2022-08-18,2023-07-11,develop,2020-07-24,rest,2024-01-08,Gregory Smith,Stephanie Lucas,southern,point,wind,Sergiohaven,music,EXE-4338,people,car,one,themselves,capital,because,it,day,opportunity,7669,floor,late,29283,street,media,employee,2024-01-22,let,2023-12-23,part,2022-12-14,relate,be,someone,listen
6780,her,West Samuel,turn,ago,gun,animal,our,candidate,2024-03-29,2025-01-28,choose,2025-02-21,local,2021-05-17,Jeremy Vasquez,Jodi Hampton,point,degree,other,Weaverville,mention,MWJ-296,series,expert,to,such,say,type,high,room,fill,1369,like,customer,81446,rock,head,hundred,2023-09-16,second,2020-12-27,music,2023-06-01,home,reality,son,quickly
3673,never,South Ericafurt,art,body,everything,trade,store,particularly,2022-12-29,2022-02-01,century,2022-09-29,development,2025-03-25,Dawn Frederick,Rachel Bautista,successful,believe,her,South Sharonfort,explain,46J CP1,current,company,room,by,chance,reality,play,product,response,5101,development,open,6170,share,participant,senior,2022-09-09,charge,2024-09-28,sister,2020-04-16,bar,turn,read,hot
3369,before,Kathrynbury,firm,more,team,free,buy,on,2020-12-31,2024-05-25,beautiful,2020-05-14,hotel,2022-08-14,Jessica Miles,Robert Chambers,pretty,inside,around,Rivasstad,official,5IU 883,authority,answer,have,blood,hard,group,area,agree,response,9143,talk,everyone,35690,into,bag,meet,2023-06-30,consumer,2023-10-03,sometimes,2020-02-27,right,newspaper,administration,dark
2839,suddenly,Olsonburgh,page,represent,reflect,camera,have,way,2022-12-22,2022-04-01,prepare,2024-01-14,rate,2020-11-19,Robert Conrad,Mary Logan,inside,decide,movie,Davismouth,professor,28EC443,perform,name,page,hot,region,somebody,scene,within,rather,7091,might,memory,88695,even,election,ask,2021-01-05,at,2022-11-16,learn,2020-09-14,movie,traditional,even,image
3310,middle,West Aprilburgh,small,south,financial,bag,bad,green,2025-04-16,2022-07-03,fall,2024-02-02,table,2020-05-06,Christopher Howell,Brittany Wilson,decade,theory,wife,Lake Gabrielaport,throughout,08-41498,add,know,material,technology,back,program,administration,return,environment,6166,either,where,79905,as,degree,standard,2024-08-23,professor,2022-11-21,pay,2023-06-18,meeting,particularly,daughter,whose
6750,city,New George,hit,personal,mission,mission,although,catch,2021-06-01,2024-08-31,know,2020-08-08,financial,2024-05-16,Steven Willis,Barbara Johnson,society,bag,debate,Stevenshire,suffer,YIQ 960,business,almost,degree,do,third,toward,common,source,light,8039,he,anything,11802,work,second,assume,2022-08-31,school,2024-11-15,bring,2024-09-23,modern,pressure,a,item
5066,property,Jefferyport,other,receive,rise,ever,job,shake,2020-08-12,2021-09-02,effect,2020-10-19,concern,2020-06-11,Sara Moses,Lucas Garza MD,religious,successful,understand,Port Lindsey,nature,9-H5076,whole,way,language,class,assume,specific,including,box,civil,5101,return,discussion,34229,month,different,billion,2022-10-13,success,2023-12-29,how,2020-09-20,social,bar,before,research
8977,late,South Patrickport,quite,ask,fire,gas,determine,walk,2023-07-31,2025-03-22,lay,2020-06-24,eight,2020-08-30,Matthew Perez,Gabriel Cook,meeting,country,away,East Kimberly,town,26C 233,machine,say,meeting,ahead,clearly,effect,begin,type,woman,7584,view,PM,84332,listen,near,investment,2024-11-12,story,2020-10-25,you,2022-03-18,level,reality,for,other
6191,answer,New Meghanfurt,no,these,drop,bed,grow,force,2024-02-05,2020-09-23,also,2021-09-12,lead,2023-08-25,Connor Noble,James Cohen,lose,art,still,Karenborough,point,966 1VE,vote,quickly,claim,father,charge,already,last,sing,chance,9196,suggest,exist,85548,officer,prevent,organization,2021-07-24,wide,2025-02-19,station,2022-09-17,street,describe,level,wife
4822,campaign,Edwardsburgh,strong,quickly,recognize,determine,put,generation,2022-02-28,2021-11-01,church,2025-04-21,wear,2020-03-18,Melissa Brown,Lindsey Warren,include,range,rather,Bethfurt,PM,9-Q9524,down,education,response,list,girl,whose,discuss,natural,physical,7519,body,go,73151,clearly,bag,space,2022-12-18,turn,2024-05-06,loss,2020-01-16,mouth,charge,southern,we
1111,allow,Sharonberg,store,church,always,boy,speech,when,2020-11-04,2020-02-23,someone,2022-06-24,could,2021-05-25,Thomas Peters,Elizabeth Little,quickly,mean,leg,Chavezmouth,true,892 OEZ,must,reveal,raise,pick,clearly,movement,glass,throw,check,2706,indicate,chance,49225,organization,question,here,2022-04-19,break,2021-02-11,employee,2024-11-16,feeling,trial,newspaper,hundred
3371,green,East Rachelfurt,use,future,say,debate,they,rich,2021-02-25,2021-07-10,article,2020-03-10,fight,2021-08-03,William Smith,Ashley Hogan,consider,seven,claim,Joannaborough,population,AAK-0703,challenge,high,collection,difficult,eye,upon,reach,participant,tell,1214,simple,hand,99548,church,foreign,interview,2023-02-23,discuss,2021-04-07,happen,2024-05-13,cup,century,entire,past
5124,skill,Emilytown,official,themselves,experience,who,apply,note,2024-04-04,2023-04-14,town,2023-12-25,politics,2024-04-27,Jerry Nichols,Carol Gibbs,role,writer,front,Port Michelle,me,4BJ 391,produce,major,degree,military,thing,foot,message,hold,he,5399,drug,friend,87180,garden,tough,total,2025-01-10,hit,2020-07-23,billion,2023-06-28,seat,state,subject,window
6875,animal,New Jennifertown,paper,structure,window,appear,time,activity,2023-06-04,2025-03-17,kid,2023-02-12,key,2023-08-04,Tony Cardenas,Zachary Friedman,operation,audience,truth,East William,about,196 GHM,still,stage,second,lose,describe,use,protect,data,cause,2299,old,democratic,37962,set,building,police,2023-05-08,town,2022-05-19,organization,2025-04-04,rise,family,score,our
4612,situation,West Deborahside,player,local,leave,less,no,town,2025-04-26,2025-01-30,site,2022-12-19,instead,2021-10-28,Brittney Delacruz,Sydney Craig,charge,technology,box,West Ashley,could,UAQ-9987,democratic,why,future,pay,agent,likely,moment,sell,cold,2048,shoulder,possible,78401,choose,nothing,thank,2022-10-16,control,2024-10-17,region,2025-03-24,last,address,arm,around
6212,address,North Stephanie,above,why,end,program,both,yeah,2025-04-09,2024-08-06,discussion,2023-07-29,bar,2024-05-07,John Smith,Erik Harrington,address,generation,success,Tuckerborough,another,QCX-838,today,only,along,thing,hear,century,push,wish,water,4202,score,all,71558,make,let,compare,2023-01-22,series,2023-01-08,size,2022-07-11,arm,white,test,argue
1361,sign,Thompsonfort,feeling,administration,former,pay,join,often,2024-11-09,2025-04-11,fear,2022-08-26,charge,2023-04-09,Hannah Rodriguez,Michele Christian,less,his,teacher,Nicholasberg,week,NNX-482,attention,all,special,scene,chance,above,effort,land,rather,9794,order,surface,47791,never,rise,my,2020-12-24,my,2023-05-01,table,2023-01-12,lot,spring,line,decision
8565,recognize,Port Austinchester,probably,yet,health,huge,religious,magazine,2020-04-11,2020-12-05,parent,2022-10-16,seek,2021-03-24,Anthony Thompson,Patrick Roberts,whether,window,whether,Wandaberg,morning,399 CZS,those,act,why,everyone,state,structure,material,smile,whom,2181,Democrat,doctor,13861,point,organization,available,2021-06-17,guy,2024-05-21,despite,2022-03-18,present,parent,read,represent
9589,believe,East Lisafort,foot,cause,right,anyone,general,test,2023-08-08,2021-08-10,whatever,2022-09-19,its,2020-06-06,Leah Garcia,Crystal Anderson,whatever,guess,condition,Nicholestad,seem,4XK 581,have,must,bank,figure,claim,house,training,money,particular,3240,story,decade,53760,protect,behind,try,2022-02-09,notice,2024-06-26,outside,2024-12-15,although,relate,would,should
2101,believe,Jamiemouth,power,shoulder,within,over,charge,trial,2021-05-05,2020-03-16,huge,2023-04-05,step,2022-09-25,Stephanie Ramos,Mark Baird,improve,something,figure,Scottburgh,TV,85-JO79,save,sign,option,agree,mind,avoid,why,popular,coach,3037,everything,arm,27855,better,brother,often,2023-10-09,religious,2022-09-03,task,2025-04-19,here,every,statement,bit
8698,ago,New Pamelaville,other,me,do,yet,best,they,2021-02-10,2025-01-28,research,2024-07-06,hundred,2021-03-26,Jeffrey Rodriguez,Sarah Washington,left,most,open,Adamton,statement,MBR 770,candidate,together,before,record,character,reflect,manage,Republican,find,3432,tough,option,13237,instead,happen,ten,2023-03-12,meet,2024-11-20,really,2021-12-29,majority,commercial,then,suggest
6100,culture,Lake Jonathanport,various,degree,opportunity,modern,identify,charge,2022-08-14,2022-10-09,leave,2022-10-26,remember,2023-09-14,Antonio Johnson,Anthony Potter,walk,large,since,New Cristianville,down,RZJ-4820,perform,field,able,yet,her,manage,Republican,necessary,could,6894,marriage,country,26675,response,national,physical,2022-07-10,whose,2024-05-15,story,2025-03-03,Republican,capital,day,wife
1471,nation,Danielside,space,follow,how,take,occur,if,2020-11-13,2020-07-12,yeah,2021-05-29,me,2022-02-19,Cassandra Smith,Shari Brown,turn,mission,message,Lake Donaldmouth,buy,CFT 487,listen,improve,young,coach,person,then,generation,attorney,about,6770,catch,list,88296,floor,happen,determine,2022-10-14,until,2021-01-05,likely,2021-10-27,success,new,than,father
1499,foot,South Mistyborough,way,central,student,hour,leg,before,2020-03-27,2022-07-18,rich,2020-12-12,firm,2020-09-24,Caroline Diaz,Joshua Barry,research,line,environment,South Victoriaside,ground,771 FAI,break,political,require,believe,should,pass,deep,hear,make,7626,system,fine,78543,science,here,ten,2021-09-06,white,2023-06-24,pay,2023-04-05,in,matter,five,five
4079,social,Stevenview,try,little,anything,continue,management,machine,2023-11-10,2024-05-03,size,2023-05-24,increase,2023-08-28,Matthew Scott,Monica Rogers,management,three,wonder,Port Christophermouth,to,0658,threat,during,practice,energy,perform,lawyer,support,something,issue,6477,sister,something,39148,kid,coach,pull,2021-10-14,stay,2023-09-28,produce,2022-01-21,understand,image,very,long
9507,model,Lake Sandramouth,radio,carry,rise,prevent,figure,degree,2022-11-13,2022-08-29,thus,2022-06-08,view,2023-02-16,Jason Nelson,Joel Strickland,road,finally,fear,East Daniel,nice,936 1DX,although,around,will,thank,off,not,series,small,sister,3132,seat,box,98879,like,minute,career,2025-03-08,whom,2023-05-20,into,2025-03-04,bar,matter,air,whole
2735,time,West Tammybury,win,push,enter,future,remember,social,2021-05-19,2022-07-12,I,2022-04-15,why,2022-01-26,Christopher Ruiz,Kristen Torres,professor,full,answer,Mileschester,health,8Q 33066,western,nothing,ten,political,run,season,draw,general,it,4955,think,form,57946,same,product,administration,2022-11-25,subject,2025-04-02,computer,2023-09-24,young,article,Republican,short
4259,clear,Franciscoport,mind,if,spring,study,popular,dream,2021-05-21,2025-02-19,share,2023-10-28,sing,2022-05-15,Kyle Murphy,Andrew Ross,director,father,exist,Brownbury,large,ZH1 L9M,how,network,nation,morning,prove,run,democratic,minute,painting,8452,hotel,able,88368,hair,just,relate,2021-02-23,participant,2022-04-09,large,2021-02-13,radio,blood,knowledge,apply
8972,he,New Jill,modern,much,rise,north,majority,compare,2022-03-24,2022-03-21,magazine,2022-05-10,approach,2021-08-31,Rebekah Lee,Karen Weaver,last,produce,read,Thomasport,necessary,77-M887,call,computer,race,behind,why,some,paper,might,foot,6163,morning,attack,14980,police,away,break,2023-06-20,often,2024-03-31,box,2021-07-06,finish,home,reason,the
8416,strong,South David,artist,staff,however,strong,budget,away,2025-01-14,2020-06-26,power,2023-01-15,return,2022-07-18,Dr. Nicholas Bullock,Sherry Holland,must,party,phone,Schmidtberg,office,47QE433,nation,machine,ground,behavior,official,resource,reduce,democratic,yeah,6204,happen,hear,97113,bag,power,professor,2020-12-16,money,2022-11-19,factor,2024-07-01,small,control,wonder,rich
6158,window,Lake Lauren,then,public,represent,meet,decade,ago,2022-09-10,2020-09-25,during,2023-07-06,six,2021-12-19,Daniel Jones,Hunter Cruz,science,TV,whole,North Maryside,boy,37-BG79,performance,off,physical,never,audience,participant,future,impact,American,9501,politics,nearly,47610,usually,crime,town,2025-03-26,son,2023-02-10,fact,2023-10-03,person,food,thought,game
2067,stay,Lake Daniel,dog,nearly,future,before,form,around,2021-12-19,2022-06-14,rock,2021-01-26,during,2022-08-19,Casey Ruiz,Brian Hess,shoulder,power,both,Steventon,foot,RBH 474,hot,market,describe,effect,dream,effort,film,fish,new,6020,chance,these,35985,interesting,collection,degree,2021-07-31,much,2024-06-08,listen,2022-10-08,lot,last,fund,good
9635,all,Port Shane,leave,specific,stuff,physical,last,become,2020-06-03,2023-09-13,like,2024-08-20,fear,2021-10-29,Tina George,Seth Mueller,street,ability,Democrat,Port Cynthiastad,memory,436 8095,your,nothing,week,show,single,firm,threat,situation,that,8278,floor,election,42711,instead,leader,onto,2025-03-21,car,2021-05-03,without,2022-06-25,enough,difficult,reflect,much
9188,bag,Lake Rickyborough,lawyer,hair,age,pull,case,join,2020-01-30,2022-11-08,perhaps,2023-12-27,become,2020-10-28,Zachary Ortega,Wanda Davenport,with,party,rest,Taraport,wait,L 258256,idea,walk,conference,admit,front,though,their,at,pattern,5381,seek,car,30688,statement,movement,girl,2025-02-22,parent,2023-04-10,open,2025-03-20,attorney,during,adult,include
3698,nature,Porterville,trial,cut,official,forward,hear,floor,2024-02-26,2021-02-27,general,2024-06-05,the,2022-09-04,Kayla Ellis,Natalie Hurst,impact,office,quite,Kevinbury,art,BVR 851,pay,prevent,these,community,shake,what,reduce,person,government,4095,agree,music,42958,generation,successful,account,2023-02-15,local,2024-10-23,night,2021-11-07,thousand,daughter,finish,media
6971,television,Kaylaburgh,shoulder,player,Republican,every,few,me,2020-09-18,2025-04-03,condition,2023-05-27,safe,2023-04-15,Daniel Rodriguez,James Vega,data,wear,consider,North Cathyberg,focus,ATC-150,news,movie,card,think,evening,contain,son,safe,ok,7902,require,training,72043,collection,ask,show,2023-04-07,government,2022-03-31,agreement,2021-06-01,law,college,practice,upon
4714,military,Mckenziechester,increase,interview,of,environmental,nothing,control,2020-03-15,2020-07-18,pass,2023-03-12,scientist,2022-03-21,Amanda Bennett,Michael Luna,season,simply,color,Jeremytown,across,9-73172K,history,image,could,each,natural,great,until,notice,case,6605,although,series,77285,check,hundred,rest,2024-03-17,measure,2023-05-01,memory,2022-02-25,heart,able,us,story
1047,different,Duncanville,memory,brother,six,ok,material,significant,2020-05-02,2023-11-04,you,2021-06-11,she,2022-07-31,James Elliott,Jerry Weber,age,bag,defense,North Joseph,red,XIW 099,race,policy,the,white,house,up,understand,piece,significant,3166,name,type,1498,simple,news,toward,2021-11-22,save,2020-02-17,bring,2024-05-03,paper,local,create,could
7874,human,Batesmouth,summer,be,anything,about,process,within,2020-06-08,2023-11-09,time,2020-10-21,enjoy,2022-06-07,Christopher Obrien,Michael Beard,history,guess,decision,Lake Crystalfurt,top,XWG9144,whatever,especially,dream,usually,relate,television,state,east,admit,3969,ahead,better,53508,also,language,size,2020-08-13,there,2021-02-04,effort,2024-02-27,thousand,everybody,treat,program
2226,important,Joneschester,site,benefit,answer,leave,chance,the,2020-10-30,2023-05-11,artist,2024-06-18,evening,2023-05-02,Angela Hartman,Brandon Mcguire,blue,detail,baby,Lake Melissaburgh,he,ADP 404,them,quite,dark,Mr,other,source,explain,account,last,5632,fear,his,90563,social,politics,military,2023-11-06,summer,2020-10-01,argue,2024-12-13,treat,during,open,always
9937,positive,Lake Danielton,store,course,research,leg,trial,remember,2020-11-03,2022-06-28,final,2020-08-19,language,2020-05-18,Seth Reid,Nichole Hull,term,statement,teach,Coxshire,meet,375-RUNB,grow,forward,Mr,take,best,free,yes,provide,right,8178,until,forget,92273,travel,improve,sit,2021-08-30,research,2025-03-16,later,2020-01-08,again,cold,my,majority
5365,work,West David,involve,dog,south,sea,career,experience,2024-10-04,2020-08-14,stop,2023-06-10,leader,2024-01-22,Robert Smith,Shannon Santos,style,speak,son,New Mark,view,205 TFT,available,treatment,three,other,pretty,physical,party,bank,guy,9167,blue,spring,72220,mean,family,year,2022-08-30,long,2020-07-21,me,2024-01-25,paper,between,box,sense
6918,occur,Jonesshire,traditional,study,drive,example,professional,shake,2023-03-04,2022-05-15,data,2025-02-22,know,2020-01-14,Stephanie King,Sarah Soto,her,though,enough,Lake Elizabeth,near,8714,probably,mention,third,mind,cup,our,lot,contain,performance,4394,why,size,39086,environmental,meeting,real,2025-04-06,baby,2024-05-02,role,2024-05-28,claim,against,light,position
5340,population,West Anthonyland,exactly,ten,for,new,direction,seek,2021-05-04,2023-01-06,set,2025-01-13,six,2024-08-17,Stacy Allen MD,Leslie Green,political,one,either,Henryside,view,756 AWE,deal,three,approach,onto,leave,argue,quality,in,guess,3232,today,body,72396,idea,president,computer,2020-10-26,night,2024-03-16,street,2023-05-11,minute,deal,dark,others
9403,figure,Williamsberg,call,someone,girl,her,interesting,decade,2023-10-19,2022-08-12,expert,2022-01-04,risk,2025-01-22,Daniel Ferrell,Todd Miller,star,on,career,Nicholsborough,actually,6DJD 75,others,these,company,yes,office,fight,loss,collection,in,7436,consider,discover,54508,throw,check,program,2023-01-09,religious,2022-09-20,similar,2021-06-01,positive,amount,stock,sister
3164,individual,Martinberg,letter,study,here,fear,major,everyone,2021-03-07,2024-07-25,Congress,2020-07-14,word,2020-12-07,Charlotte Nelson,Theresa Reeves,environmental,pretty,through,Rodriguezchester,general,2S 8L6IBN,until,strategy,level,other,pretty,look,list,vote,benefit,1402,artist,growth,8057,pressure,and,truth,2020-08-10,world,2022-05-13,answer,2020-05-11,machine,miss,traditional,he
7711,long,New Jessica,eye,seem,he,prove,third,stand,2021-07-05,2022-05-12,rest,2024-01-01,day,2022-09-25,David Parrish,Sarah Brewer,police,another,other,Port Brucebury,more,V51 0FS,three,live,worry,style,bad,many,scene,themselves,hour,2829,site,fill,77419,big,agent,themselves,2021-01-18,student,2023-06-12,happy,2023-09-20,magazine,training,media,pretty
8698,ago,New Pamelaville,other,me,do,yet,best,they,2021-02-10,2025-01-28,research,2024-07-06,hundred,2021-03-26,Jeffrey Rodriguez,Sarah Washington,left,most,open,Adamton,statement,MBR 770,candidate,together,before,record,character,reflect,manage,Republican,find,3432,tough,option,13237,instead,happen,ten,2023-03-12,meet,2024-11-20,really,2021-12-29,majority,commercial,then,suggest
2706,service,Lake Lindseymouth,step,democratic,machine,former,media,help,2022-06-08,2023-06-19,wish,2021-09-13,surface,2022-12-04,Ellen Williams,Johnny Thompson,some,better,involve,Davidhaven,explain,J43 5LK,economy,member,employee,maybe,way,into,degree,really,fact,7422,door,sport,21100,strategy,tough,local,2023-10-14,individual,2022-04-14,husband,2021-02-24,law,car,let,recognize
1688,just,Jarvisview,course,kitchen,option,simply,house,character,2022-12-17,2021-06-07,political,2020-11-25,just,2021-04-24,Melissa Cisneros,Christopher Graham,set,daughter,body,South Sandra,wife,9-86057,surface,speech,together,amount,executive,but,network,day,get,1478,movement,cost,58830,establish,sport,research,2022-08-07,receive,2024-07-08,town,2022-02-18,TV,activity,room,itself
2108,adult,New Lindsey,war,arm,often,follow,great,check,2020-04-28,2024-06-03,station,2020-03-18,well,2020-04-06,Michael Dennis,Gina Hernandez,economic,weight,its,Aprilport,whole,595-FPK,whom,role,whole,add,during,standard,consumer,among,author,2513,change,write,83358,section,range,go,2024-01-05,program,2020-01-22,scientist,2020-01-24,around,may,international,yes
8418,effort,Lake Jane,once,rate,result,tough,then,during,2022-03-30,2022-05-27,program,2021-07-25,technology,2021-12-29,Mr. Nicholas Jones MD,Nicholas Davis,edge,respond,loss,Port Crystal,actually,87-29324,term,put,six,which,organization,into,lose,half,quite,7907,yourself,speak,42548,drug,pick,scientist,2022-11-11,western,2020-06-30,tell,2022-07-09,television,yourself,level,age
2459,reason,New Isabel,five,lead,career,skin,bad,century,2022-11-11,2023-10-05,wife,2020-04-25,long,2021-08-11,Jodi Daniels,Sharon Johnston,then,end,space,Caldwellbury,structure,MJQ-4407,top,attack,difficult,home,minute,question,war,moment,include,5594,training,reveal,68450,least,officer,great,2020-05-29,enjoy,2024-06-02,such,2023-05-13,peace,then,provide,whose
8512,soldier,West Andre,seem,future,sort,church,they,game,2023-02-13,2020-10-09,although,2021-10-06,marriage,2024-04-08,Debra Berry,Yolanda Estrada,policy,happy,pattern,Port Austinchester,dinner,7UN19,play,price,art,resource,situation,ok,control,hand,public,2001,newspaper,offer,53179,serious,while,thought,2022-09-05,land,2022-11-09,reach,2021-09-21,blood,best,message,model
4079,social,Stevenview,try,little,anything,continue,management,machine,2023-11-10,2024-05-03,size,2023-05-24,increase,2023-08-28,Matthew Scott,Monica Rogers,management,three,wonder,Port Christophermouth,to,0658,threat,during,practice,energy,perform,lawyer,support,something,issue,6477,sister,something,39148,kid,coach,pull,2021-10-14,stay,2023-09-28,produce,2022-01-21,understand,image,very,long
5365,work,West David,involve,dog,south,sea,career,experience,2024-10-04,2020-08-14,stop,2023-06-10,leader,2024-01-22,Robert Smith,Shannon Santos,style,speak,son,New Mark,view,205 TFT,available,treatment,three,other,pretty,physical,party,bank,guy,9167,blue,spring,72220,mean,family,year,2022-08-30,long,2020-07-21,me,2024-01-25,paper,between,box,sense
4259,clear,Franciscoport,mind,if,spring,study,popular,dream,2021-05-21,2025-02-19,share,2023-10-28,sing,2022-05-15,Kyle Murphy,Andrew Ross,director,father,exist,Brownbury,large,ZH1 L9M,how,network,nation,morning,prove,run,democratic,minute,painting,8452,hotel,able,88368,hair,just,relate,2021-02-23,participant,2022-04-09,large,2021-02-13,radio,blood,knowledge,apply
8698,ago,New Pamelaville,other,me,do,yet,best,they,2021-02-10,2025-01-28,research,2024-07-06,hundred,2021-03-26,Jeffrey Rodriguez,Sarah Washington,left,most,open,Adamton,statement,MBR 770,candidate,together,before,record,character,reflect,manage,Republican,find,3432,tough,option,13237,instead,happen,ten,2023-03-12,meet,2024-11-20,really,2021-12-29,majority,commercial,then,suggest
3390,pretty,Jamietown,determine,worker,late,me,trouble,money,2025-04-27,2024-10-09,power,2022-09-25,mother,2021-04-03,Brianna Yu,Whitney Walker,director,recognize,without,North Angela,beautiful,106398,floor,true,into,clearly,medical,day,his,decide,provide,5021,crime,star,38527,figure,mention,bit,2021-05-22,ask,2023-02-14,music,2020-08-29,picture,dinner,food,himself
5485,training,New Jason,view,strategy,various,describe,air,interesting,2022-08-18,2023-07-11,develop,2020-07-24,rest,2024-01-08,Gregory Smith,Stephanie Lucas,southern,point,wind,Sergiohaven,music,EXE-4338,people,car,one,themselves,capital,because,it,day,opportunity,7669,floor,late,29283,street,media,employee,2024-01-22,let,2023-12-23,part,2022-12-14,relate,be,someone,listen
8568,military,Benjaminville,modern,fear,across,theory,remain,whatever,2024-05-26,2023-12-01,finish,2025-02-10,safe,2022-09-16,Ian Larson,David Carpenter,region,soon,man,Newmanmouth,draw,0-86647S,remain,shake,next,hope,side,figure,individual,thousand,after,8890,mention,real,88281,challenge,practice,pretty,2023-08-25,education,2024-08-23,represent,2025-02-13,trouble,view,consumer,soon
3860,people,South Linda,cover,what,wear,goal,look,cup,2020-12-27,2020-08-20,building,2024-12-20,born,2024-09-29,Nicholas Rogers,Kristin Evans,bad,become,or,Lake Erinstad,region,359NQ,leave,team,street,education,down,for,traditional,both,listen,6299,knowledge,teach,28710,window,television,they,2024-09-02,else,2020-05-04,large,2020-12-02,defense,interesting,defense,away
2839,suddenly,Olsonburgh,page,represent,reflect,camera,have,way,2022-12-22,2022-04-01,prepare,2024-01-14,rate,2020-11-19,Robert Conrad,Mary Logan,inside,decide,movie,Davismouth,professor,28EC443,perform,name,page,hot,region,somebody,scene,within,rather,7091,might,memory,88695,even,election,ask,2021-01-05,at,2022-11-16,learn,2020-09-14,movie,traditional,even,image
6288,same,New Alexandra,represent,bar,state,experience,we,case,2020-02-15,2023-12-12,run,2021-07-06,local,2020-09-04,Robert Taylor,Kimberly Vaughn,item,simply,later,Lopezport,alone,8C411,blue,movement,federal,pass,bar,space,reach,spring,young,3960,air,participant,34133,window,watch,our,2021-09-05,environment,2021-02-26,change,2024-03-31,quite,mean,if,positive
9188,bag,Lake Rickyborough,lawyer,hair,age,pull,case,join,2020-01-30,2022-11-08,perhaps,2023-12-27,become,2020-10-28,Zachary Ortega,Wanda Davenport,with,party,rest,Taraport,wait,L 258256,idea,walk,conference,admit,front,though,their,at,pattern,5381,seek,car,30688,statement,movement,girl,2025-02-22,parent,2023-04-10,open,2025-03-20,attorney,during,adult,include
3230,where,Rebeccaville,big,maybe,particular,different,various,network,2023-07-15,2022-10-30,its,2021-05-16,fear,2020-04-27,James Graham MD,Jaclyn Edwards DDS,degree,past,other,South Jeffrey,nation,139 JYS,summer,gun,scientist,increase,industry,nice,second,special,speech,8579,skill,system,74423,manage,trial,dog,2021-11-02,explain,2023-12-12,miss,2024-10-02,seat,help,culture,include
1101,general,Hollyville,send,remain,many,wrong,total,allow,2024-03-24,2021-03-11,suggest,2024-01-25,travel,2022-11-26,Steven Quinn,Nicholas Sweeney,control,then,fish,Sarabury,least,087137,pull,history,attack,at,worry,billion,then,behind,third,9720,example,machine,79734,message,federal,stay,2024-09-14,relate,2024-03-26,laugh,2023-06-12,deep,threat,claim,full
1728,environmental,Danatown,spend,visit,hit,large,quality,process,2025-04-29,2022-03-10,church,2020-12-16,pull,2024-06-27,Sean Mendoza,Miss Laura Mejia,impact,well,ten,West Danielle,major,8-03844M,care,gun,center,energy,street,help,sign,structure,others,1372,painting,let,41154,young,use,sell,2024-06-12,health,2022-04-20,movie,2025-03-08,his,kitchen,network,entire
5066,property,Jefferyport,other,receive,rise,ever,job,shake,2020-08-12,2021-09-02,effect,2020-10-19,concern,2020-06-11,Sara Moses,Lucas Garza MD,religious,successful,understand,Port Lindsey,nature,9-H5076,whole,way,language,class,assume,specific,including,box,civil,5101,return,discussion,34229,month,different,billion,2022-10-13,success,2023-12-29,how,2020-09-20,social,bar,before,research
5189,once,East Natalieview,somebody,attack,professor,carry,true,over,2024-03-13,2025-01-21,kind,2022-04-07,new,2020-08-28,Omar Powers,Katie Jones,lose,top,suffer,Chadberg,develop,X82 8EC,child,however,usually,before,bad,floor,together,else,follow,5400,case,think,32243,husband,college,its,2024-12-03,hear,2020-09-19,administration,2022-05-06,involve,not,realize,structure
5093,else,Stevenburgh,east,open,degree,magazine,entire,begin,2024-01-05,2021-01-25,history,2021-07-20,song,2023-12-27,Christopher Simpson,Jake Marsh,present,feel,free,Lovestad,economic,IZW3019,want,go,page,teach,relate,civil,difference,economy,ask,8615,mention,range,66823,ok,subject,experience,2022-12-19,front,2020-04-17,likely,2023-09-30,candidate,development,summer,hold
6971,television,Kaylaburgh,shoulder,player,Republican,every,few,me,2020-09-18,2025-04-03,condition,2023-05-27,safe,2023-04-15,Daniel Rodriguez,James Vega,data,wear,consider,North Cathyberg,focus,ATC-150,news,movie,card,think,evening,contain,son,safe,ok,7902,require,training,72043,collection,ask,show,2023-04-07,government,2022-03-31,agreement,2021-06-01,law,college,practice,upon
3366,usually,New Rodney,feel,move,forget,media,major,old,2020-07-02,2023-03-25,move,2022-11-12,lawyer,2024-01-05,Carla Rodgers,Kevin Fox,still,final,listen,Ryanburgh,must,402 WVJ,shake,end,onto,safe,modern,environment,toward,much,thousand,5050,painting,into,26328,example,party,next,2020-05-12,although,2021-03-05,three,2021-10-31,officer,friend,state,significant
2134,close,Yateschester,second,take,cause,him,project,evidence,2021-08-24,2020-10-01,at,2021-02-28,tell,2023-10-19,Mr. Charles Larson,Leslie Roberson,use,science,ahead,South Seanburgh,media,TIK0612,return,then,five,report,single,adult,us,sometimes,word,1286,indeed,shake,37826,rather,concern,church,2020-04-20,receive,2023-06-20,local,2023-03-31,nation,investment,turn,season
8073,child,South Haley,few,top,fast,success,near,east,2021-12-18,2025-03-30,produce,2021-12-27,get,2021-09-26,Amy Dawson,Adam Perry,child,compare,middle,Hutchinsonborough,knowledge,NVZ-0436,hospital,represent,garden,player,cup,stay,organization,well,child,5706,step,ability,52250,young,wish,believe,2022-05-12,expert,2024-04-28,garden,2023-12-04,event,next,will,whose
7548,born,Cindyville,military,light,blue,population,of,simply,2023-09-21,2023-09-30,around,2021-06-14,take,2021-10-04,Philip Brown,Michael Kaiser,note,expect,create,Harrisburgh,stand,889 YXF,rate,one,attack,itself,enjoy,past,nature,play,event,4036,she,training,62196,school,significant,term,2022-01-13,music,2023-08-17,edge,2020-12-14,such,front,hear,bill
6750,city,New George,hit,personal,mission,mission,although,catch,2021-06-01,2024-08-31,know,2020-08-08,financial,2024-05-16,Steven Willis,Barbara Johnson,society,bag,debate,Stevenshire,suffer,YIQ 960,business,almost,degree,do,third,toward,common,source,light,8039,he,anything,11802,work,second,assume,2022-08-31,school,2024-11-15,bring,2024-09-23,modern,pressure,a,item
6750,city,New George,hit,personal,mission,mission,although,catch,2021-06-01,2024-08-31,know,2020-08-08,financial,2024-05-16,Steven Willis,Barbara Johnson,society,bag,debate,Stevenshire,suffer,YIQ 960,business,almost,degree,do,third,toward,common,source,light,8039,he,anything,11802,work,second,assume,2022-08-31,school,2024-11-15,bring,2024-09-23,modern,pressure,a,item
5848,imagine,Kelleyville,must,that,the,check,office,save,2022-08-28,2020-09-24,hair,2020-12-25,will,2024-01-08,Jennifer Fleming,Harold Kelly,authority,could,mention,New Kevinport,similar,9P FB212,pass,how,possible,production,attention,respond,reason,international,conference,5253,experience,wide,19706,in,reason,summer,2021-08-29,probably,2021-11-02,can,2023-07-19,police,subject,tell,cut
9941,cell,East Saraview,project,offer,believe,above,Democrat,past,2024-04-11,2025-03-31,remember,2020-07-03,college,2021-05-22,Connor Lopez,Christina Reed,risk,religious,sell,Michelleton,determine,14-0525I,ok,series,rather,wonder,cup,since,put,us,these,1732,arrive,table,65302,leg,particularly,Democrat,2024-12-27,three,2024-11-02,down,2024-03-20,family,thought,which,major
9276,entire,Jamesmouth,central,late,half,right,in,heavy,2020-10-09,2020-04-30,now,2023-10-13,stage,2024-02-08,Nathan Wilson,Paula Brown,million,stop,present,North Troy,poor,MSJ-5285,seem,politics,throughout,big,west,defense,industry,herself,board,1425,significant,stage,33257,position,race,time,2020-06-17,treatment,2022-12-01,prepare,2022-10-13,machine,clear,appear,forward
4742,sure,Mcbridestad,at,with,since,west,performance,imagine,2024-02-20,2024-12-01,son,2020-01-24,city,2025-03-22,Timothy Nelson,Elijah Kramer,husband,recent,mission,Port Robert,before,930 8YY,risk,government,finally,person,left,material,life,cover,short,9972,while,head,59699,activity,stay,development,2023-10-26,court,2022-08-15,rate,2020-10-15,protect,beat,despite,democratic
6683,hour,Kennethhaven,available,response,money,skill,stock,smile,2024-07-31,2021-01-16,wind,2021-03-06,model,2023-05-19,David Lewis,Meghan Garcia,certain,particularly,imagine,Chavezview,system,ZGG 846,really,for,role,through,red,respond,determine,with,mother,4476,modern,billion,21672,rest,than,vote,2022-08-30,subject,2023-01-02,middle,2024-12-25,above,mission,hard,mean
5365,work,West David,involve,dog,south,sea,career,experience,2024-10-04,2020-08-14,stop,2023-06-10,leader,2024-01-22,Robert Smith,Shannon Santos,style,speak,son,New Mark,view,205 TFT,available,treatment,three,other,pretty,physical,party,bank,guy,9167,blue,spring,72220,mean,family,year,2022-08-30,long,2020-07-21,me,2024-01-25,paper,between,box,sense
8073,child,South Haley,few,top,fast,success,near,east,2021-12-18,2025-03-30,produce,2021-12-27,get,2021-09-26,Amy Dawson,Adam Perry,child,compare,middle,Hutchinsonborough,knowledge,NVZ-0436,hospital,represent,garden,player,cup,stay,organization,well,child,5706,step,ability,52250,young,wish,believe,2022-05-12,expert,2024-04-28,garden,2023-12-04,event,next,will,whose
3164,individual,Martinberg,letter,study,here,fear,major,everyone,2021-03-07,2024-07-25,Congress,2020-07-14,word,2020-12-07,Charlotte Nelson,Theresa Reeves,environmental,pretty,through,Rodriguezchester,general,2S 8L6IBN,until,strategy,level,other,pretty,look,list,vote,benefit,1402,artist,growth,8057,pressure,and,truth,2020-08-10,world,2022-05-13,answer,2020-05-11,machine,miss,traditional,he
6966,buy,West Danielhaven,notice,treat,painting,contain,take,bed,2023-10-28,2023-12-20,finally,2022-01-03,interesting,2020-10-06,Veronica Mora,Michael Bean,break,knowledge,prevent,Lake Christopher,range,HVB 062,thousand,source,plant,military,challenge,exist,bring,baby,early,4660,often,concern,85191,kid,television,poor,2022-03-12,wide,2022-02-21,ten,2024-12-08,necessary,door,traditional,executive
