CODEINTE,INTERMADIAIRE,VILLE_INTERMEDIAIRE,SINISTRE,SIN_GS,ASSURE,VILLE_ASSURE,IMMATRICULATION_ASSURE,MARQUE_VEHICULE,TYPE_VEHICULE,POLICE,DATE_EFFET_POLICE,DATE_FIN_POLICE,USAGE,PRODUIT,CODNATSI,NATURE_SIN,DATE_SURVENANCE,DATEDECL,DATRECCO,DATE_CREATION_OUVERTURE,DATE_VALIDATION_OUVERTURE,USER_CREATION_OUVERTURE,USER_VALIDATION_OUVERTURE,DATE_CLOTURE,ASSURESP,TAUX_RESP_ASSURE,FLAG__HP,CANAL,LIEUSINI,VILLE_SINISTRE,PAYS,IMMATRICULATION_ASSURE_1,IDECONBA,LIB_BAREME,FAIT_GENERATEUR,CAUSE_CIRCONSTANCE,TYPE_RECOURS,COMPAGNIE_ADVERSE,NBR_VICTIME,GARANTIES,CODEGARA,MNT_REGLEMENT_P,MNT_REGLEMENT_H,ETAPE,FLAGCICA,TELE,ATTESTATION,CIN,TYPE_SINISTRE_DOUTEUX,DECISION_FINAL_INVESTIGATION,MONTANT_RESERVE_DEBUT_P,MONTANT_RESERVE_DEBUT_H,MONTANT_RESERVE_H,MONTANT_RESERVE_P,USERGEST,LIBE_DERNIER_ACTE,DATE_DERNIER_ACTE,MODE_PAIEMENT_SOUHAITE,FRANCHISE,DOSSCONT,MOTIF_CLOTURE
6628,leg,Bauerchester,might,prevent,George Conway,Katherineborough,EUR 523,stock,5,property,2021-04-27,2023-08-11,free,anything,offer,strong,2020-06-26,2024-04-02,against,2021-02-08,2022-02-26,their,catch,2020-03-07,Susan Hernandez,Todd Mcmillan,easy,morning,property,Morganburgh,thing,341 6LQ,security,new,computer,paper,term,financial,hear,each,8706,68619,50814,month,quality,others,decision,wish,reality,pattern,factor,usually,computer,listen,police,may,2024-07-22,win,my,individual,special
3554,example,Emmastad,me,charge,Kimberly Brown,New Roberthaven,FWO 184,simply,1,performance,2021-03-20,2022-04-17,discuss,hope,type,by,2024-09-02,2025-02-03,task,2021-08-06,2024-01-04,head,site,2021-05-08,Gregory Esparza,Dana Ortiz,practice,heavy,relate,Lake Ashleyshire,treat,779OT,television,human,food,fast,police,certain,successful,interview,2812,25323,6686,as,together,because,seven,well,low,significant,general,eat,particular,action,picture,beat,2020-03-09,perform,machine,vote,music
3034,draw,Priceville,suddenly,watch,Christina Burgess,Mariamouth,8CX9875,western,2,indicate,2021-01-29,2023-06-26,notice,condition,you,establish,2021-03-07,2021-12-15,ability,2020-06-12,2023-01-16,go,better,2023-12-15,Tracy Jones,Kyle Lane,card,character,citizen,Jamiestad,major,M22-54V,trial,hit,central,teacher,prepare,condition,face,small,9531,36678,13539,official,senior,say,spring,painting,end,blood,suddenly,poor,growth,idea,provide,a,2021-04-21,charge,either,chance,work
8957,player,Meganhaven,relate,cost,Cody Lee,South Toniview,55I X70,thus,5,successful,2024-07-16,2020-04-09,page,lose,treat,oil,2022-12-23,2020-07-10,often,2023-06-11,2024-05-28,into,upon,2024-05-27,Alison Johnson,Tracy Drake,brother,bit,partner,Brooksville,authority,MYL9472,together,current,apply,huge,environment,just,question,wear,3422,32532,81860,see,feeling,product,natural,individual,finish,huge,body,add,question,cause,protect,door,2024-02-29,father,simple,eat,year
3913,stand,Lake Josephchester,recognize,focus,Douglas Greene,Schultzton,5FBO668,campaign,3,can,2021-01-23,2024-06-26,quickly,condition,care,would,2022-07-07,2020-07-24,perhaps,2022-05-28,2023-01-16,oil,national,2023-05-17,Calvin White,Charles Rodriguez,wrong,already,off,North Anthony,arrive,RPR-283,entire,why,fill,attention,Republican,sometimes,mother,various,1951,49669,24532,assume,likely,ground,single,your,push,early,radio,day,interest,entire,option,able,2020-08-27,enter,important,protect,west
7139,real,North Christopher,other,appear,Katherine Joseph,Jessicaview,243 VJO,government,2,from,2025-03-20,2020-11-26,seat,college,itself,thousand,2024-02-07,2024-04-22,indeed,2023-10-27,2023-09-08,medical,very,2023-06-09,Nathaniel Barrett,Jorge Taylor,movement,money,mention,Victoriaburgh,oil,416230,yes,case,five,follow,former,commercial,deep,training,9378,37638,1372,movie,at,race,act,be,maybe,voice,process,hospital,kitchen,voice,white,do,2022-04-03,eight,line,realize,life
7529,direction,Taylorhaven,available,once,Eric Salazar,North Sydneymouth,IHW-4849,different,5,indicate,2023-02-01,2023-05-22,talk,conference,write,least,2020-01-13,2021-08-05,owner,2022-08-16,2024-04-05,doctor,then,2024-05-09,James Case,Kimberly Chapman,not,stay,technology,South Kimberlyfurt,change,BYE-9336,born,side,like,current,one,management,after,ask,5660,2306,31652,help,special,set,stuff,ok,bill,chair,nearly,scene,much,and,born,teach,2024-06-05,long,mother,language,practice
3017,analysis,Pattersonshire,similar,physical,Marvin Arellano MD,South Christopher,7I 8068Q,major,4,sport,2022-05-25,2023-07-11,task,send,identify,threat,2024-08-24,2022-10-08,offer,2020-11-05,2020-06-21,contain,whatever,2024-10-05,Andrea Parker,Bruce Hudson,enough,concern,policy,Estestown,green,784 ZXE,fill,you,wait,should,star,southern,quite,drop,3025,92443,3932,movie,attack,people,employee,child,current,eight,forward,great,pick,any,build,rock,2022-03-08,recent,population,reflect,far
6057,threat,Emilyborough,good,involve,Dr. Jamie Davenport,North Dylanbury,3L UX263,some,1,beat,2023-12-16,2020-08-09,speak,building,eye,woman,2022-01-15,2020-04-03,magazine,2025-03-13,2021-11-01,kind,manage,2025-05-03,Eric Collins,Troy Miller,choose,he,once,Adamville,to,95G H08,cut,kid,cultural,though,try,miss,commercial,this,1933,39377,12094,left,develop,area,avoid,car,these,above,purpose,memory,increase,central,share,beyond,2023-05-06,some,quality,under,now
7236,position,Dixonstad,animal,when,Angel Ramirez,North Melissachester,532-ECT,media,4,rule,2021-01-13,2021-08-05,during,explain,mouth,soon,2020-05-24,2021-04-29,ten,2021-01-02,2022-11-05,site,owner,2021-07-25,Dillon Moore,Steven Mullen,season,citizen,receive,Harperside,need,008 NGC,civil,thousand,option,strong,development,quality,nor,material,6721,93175,80036,herself,thought,artist,that,direction,western,end,beat,current,total,thus,them,operation,2022-12-02,standard,fast,guess,various
7926,nearly,Ronaldborough,expert,last,Benjamin Johnson,Cummingsside,BBY 892,stand,1,lot,2021-11-03,2022-03-23,network,PM,challenge,seek,2024-04-15,2022-06-23,life,2024-03-11,2021-12-20,as,fund,2021-12-21,Brandon Dodson,Cynthia Saunders,know,author,many,Port Kirkchester,I,571 TJA,wonder,adult,body,capital,all,somebody,stay,property,6586,6769,69933,fly,month,another,prevent,state,ask,speak,enter,help,politics,game,sing,food,2023-04-08,camera,article,she,successful
7298,staff,New Carolynville,leader,impact,Amanda Kidd DVM,South Carolyn,757-OGS,off,2,four,2024-01-12,2023-12-10,do,job,public,public,2025-04-26,2021-09-06,past,2022-03-30,2021-07-24,discuss,serve,2021-09-28,Steven Kemp Jr.,Barbara King,people,thousand,me,Valeriechester,consider,83-JV06,how,most,red,how,indeed,and,fast,more,6002,69713,58025,leader,traditional,language,feel,whether,more,design,maintain,consumer,section,form,blue,network,2024-01-16,successful,possible,rather,step
9619,somebody,Port Samuelmouth,too,he,Sophia Harmon,Palmerberg,6D 5F4MPE,include,4,memory,2021-11-09,2020-01-25,purpose,time,nearly,director,2022-07-26,2021-05-05,side,2021-11-23,2020-07-28,idea,order,2022-11-13,Steven Green,Justin Howard,act,bag,play,Cruzbury,group,KFO9104,table,prevent,you,of,Congress,answer,draw,responsibility,9522,12061,40121,identify,oil,type,teach,candidate,break,prevent,view,rise,grow,recognize,off,personal,2022-04-14,general,nothing,modern,trade
7835,record,Lake Amber,country,dog,David Ellis,West Kristie,WTL6140,put,4,while,2025-03-23,2024-12-24,strategy,resource,over,finally,2025-02-21,2020-06-29,grow,2022-11-01,2023-07-12,whom,learn,2024-02-20,Matthew Jones,Christine Jones,run,mission,model,Lake Matthewport,organization,1-M7288,financial,technology,leg,new,news,green,may,move,4578,3516,40012,major,front,tonight,article,picture,best,professor,hotel,during,lose,fast,number,over,2020-06-20,determine,say,church,economy
4701,TV,Michelleburgh,fact,positive,Julie Wood,East Meredithfurt,2-02938,adult,4,party,2022-03-17,2023-04-23,identify,he,goal,lay,2021-08-06,2022-08-13,Mrs,2023-03-27,2023-02-07,pull,bit,2023-11-09,Dr. Vanessa Stevenson DDS,Brittany Cuevas,need,like,product,Markmouth,discussion,WJZ-1119,down,despite,save,itself,standard,area,magazine,sort,5237,40910,45224,financial,continue,foreign,ball,share,same,there,raise,record,reality,boy,day,responsibility,2023-01-03,nearly,evidence,talk,per
2291,listen,Christopherbury,half,international,Teresa Davis,Port Christina,018U,page,4,morning,2021-10-19,2023-06-30,somebody,technology,hard,modern,2021-02-09,2024-11-26,apply,2023-03-21,2021-12-09,including,add,2022-02-13,Ian Adams,Catherine Luna,federal,leader,itself,New Scottstad,high,T 236863,me,water,nice,kitchen,seat,own,because,media,3374,74322,40842,system,police,choice,trouble,ten,book,fish,authority,individual,player,reveal,toward,new,2020-09-28,style,economy,mother,half
4209,so,South Anna,remain,hotel,George Collins,Lake Tyler,NCR-344,program,5,write,2021-06-02,2021-09-16,discussion,down,just,ahead,2025-02-09,2022-01-17,opportunity,2021-10-06,2020-09-25,pull,probably,2020-04-12,Benjamin Bennett,Patricia Tapia,top,individual,mission,Thomasland,him,1NHZ 07,environmental,institution,quickly,amount,government,bed,learn,door,6256,78337,72357,environmental,like,fish,really,red,rise,piece,report,at,according,quality,last,Mrs,2022-11-17,language,common,song,money
2316,no,Russellport,low,scientist,Kathleen Hernandez,Susanshire,FSA-2532,describe,2,Republican,2024-12-23,2022-11-30,seem,politics,history,everybody,2021-06-28,2020-06-29,gun,2021-12-01,2022-03-12,cut,letter,2024-05-10,Richard Cain,Stephanie Wood,west,describe,technology,Willisborough,visit,4BI K66,establish,road,reach,skin,grow,player,perform,appear,7594,87013,30281,woman,because,those,game,off,shake,rest,must,ok,rest,tell,police,focus,2024-09-14,design,politics,look,somebody
7304,small,New Barbara,country,significant,Thomas Wood,New Joseph,8-F6727,particular,5,property,2023-10-06,2020-11-09,party,citizen,have,budget,2023-07-12,2024-06-17,movie,2024-08-31,2024-04-05,able,work,2022-03-19,Latasha Burton,Randy Terrell,year,make,almost,South Claudiaborough,hospital,HTP-5828,doctor,figure,often,appear,approach,poor,tonight,have,1147,41221,46667,entire,system,class,doctor,resource,worker,stay,behind,final,throw,artist,peace,during,2025-01-27,anything,only,garden,prepare
7083,foreign,West Hannah,town,such,Martin Jones,East Kevin,261-MGH,can,5,ok,2022-06-12,2024-01-13,add,contain,yet,campaign,2021-12-29,2022-03-17,treat,2020-04-03,2022-11-24,detail,carry,2025-01-20,Ashley Roberts,Jennifer Carr,color,protect,to,Wrightmouth,put,DXM-452,meet,half,behavior,difference,religious,toward,film,sing,6895,30961,40800,see,parent,place,institution,left,popular,loss,special,no,find,adult,defense,magazine,2021-08-25,wide,wish,who,play
8086,dog,South Ethan,if,sport,Angel Brooks,Lake Alyssa,97J 6896,skill,1,assume,2021-11-24,2020-04-13,four,bad,feel,room,2024-08-13,2020-03-26,million,2020-12-14,2021-09-04,authority,policy,2025-04-13,Alex Beltran,Angela Owen,market,their,interest,Warnerport,behind,5-2584V,accept,allow,third,half,if,interesting,into,race,3350,65581,17565,reason,particularly,change,perhaps,throw,gun,PM,relationship,treatment,girl,to,right,finally,2022-06-22,someone,investment,activity,land
7784,only,Millerborough,economic,professional,Clifford Martinez,Brianchester,N75 1QZ,old,4,answer,2022-01-08,2023-04-09,point,minute,begin,none,2022-01-30,2023-03-17,maintain,2021-10-18,2023-04-05,alone,fall,2024-01-19,Anita Wells,Jasmine Johnson,keep,whose,bad,Judithhaven,agree,403 QLA,away,reality,left,who,item,relate,concern,mean,8286,38063,20735,late,never,own,white,able,system,western,whose,kind,truth,head,environmental,street,2022-04-07,deep,experience,style,adult
6537,deep,Port Randallfurt,appear,management,Paul Kim,South Jeffrey,SUA 493,side,5,central,2023-12-23,2020-11-21,the,theory,Democrat,tend,2024-11-23,2023-01-18,national,2021-02-14,2020-10-25,nature,five,2021-04-06,James Garcia,Hayden Harvey,agreement,do,what,Estradamouth,all,765 AUC,eat,dinner,either,bit,work,some,radio,unit,2364,84349,78491,traditional,pick,detail,exist,gun,hour,performance,of,product,within,late,trial,determine,2022-12-17,finish,election,Republican,indicate
2588,wall,Elizabethport,test,arrive,Jennifer Hernandez,East Jennifer,490-688,perform,4,activity,2020-08-15,2021-02-09,foot,keep,wish,bit,2021-10-27,2020-02-28,Republican,2023-04-29,2025-04-07,clear,wonder,2020-11-18,Bobby Lee,Kim Wright,newspaper,enjoy,conference,Gordonside,together,HYL 398,watch,fire,I,imagine,technology,mother,organization,edge,8642,86077,41105,involve,center,day,some,fill,collection,notice,education,rock,stop,spring,wish,myself,2024-10-10,risk,research,far,firm
7662,chance,West Kristin,key,week,Timothy Garcia,Bishoptown,822-UXL,present,3,miss,2020-11-06,2021-06-17,science,difficult,detail,our,2024-04-08,2023-05-14,season,2021-07-24,2022-08-24,visit,medical,2020-12-13,Matthew Ramos,Tony Wade,carry,soon,either,Lake Amystad,available,05P LP7,may,truth,close,why,responsibility,phone,street,team,8766,38846,32224,citizen,really,accept,and,involve,role,treatment,every,human,maintain,together,chair,fund,2025-01-24,clear,gun,seven,special
8218,age,Beckland,resource,clearly,Beth Jones,East Donnaport,446-836,why,1,coach,2024-11-07,2024-08-28,of,rise,cultural,issue,2023-12-08,2025-03-06,research,2023-06-12,2020-12-05,memory,medical,2020-10-18,Mrs. Mary Phillips PhD,Jordan Brooks,Mr,space,rate,South Alexborough,you,6WS 639,police,according,near,meet,energy,voice,stuff,range,6613,96544,56961,impact,speak,growth,magazine,girl,eight,nice,drive,make,begin,director,visit,off,2023-04-04,case,husband,guess,new
3783,speech,Sarahshire,nearly,couple,Melissa Reyes,New Elizabeth,866-CQP,read,4,yeah,2022-12-28,2024-05-07,east,blood,suddenly,although,2020-01-21,2024-12-20,threat,2020-06-06,2020-02-22,certainly,force,2025-01-14,Adam Martinez,Christopher Klein,car,administration,really,Josephstad,state,381616,purpose,create,crime,onto,just,everyone,season,center,1160,84092,43041,history,region,relationship,general,college,firm,sign,water,prove,popular,radio,improve,responsibility,2020-11-10,couple,every,ready,wear
2556,stuff,Stephenstad,need,bit,Travis Taylor,Douglasview,0-13242,region,1,should,2024-07-02,2025-02-17,respond,final,certainly,campaign,2025-03-02,2022-09-28,check,2024-10-09,2023-01-13,with,general,2022-04-12,Jonathan Beck,Heather Scott,commercial,personal,floor,Stephanieton,learn,984 LLN,none,wear,eye,day,detail,knowledge,book,recent,4985,79879,83931,area,field,than,view,base,watch,conference,commercial,reality,reason,impact,information,professional,2025-05-03,wind,show,enough,family
4964,note,Amandatown,end,story,Larry Newman,Graychester,DR1 4099,join,3,structure,2024-06-17,2023-03-21,example,agree,man,population,2024-11-08,2020-08-08,author,2022-01-19,2022-07-28,certain,according,2021-05-04,Timothy Harris,Jessica Pham,rest,try,sister,Gregoryshire,particularly,CX5 7822,blood,exist,color,seem,green,official,structure,institution,2331,7002,84776,again,population,after,method,happen,understand,sing,suddenly,office,stop,free,reach,today,2025-04-10,receive,decade,light,accept
5268,education,North Andrew,night,amount,Carla Love,Port Andrewshire,BRL J96,attorney,5,student,2021-03-27,2024-04-24,popular,manager,continue,trial,2024-03-26,2020-08-12,our,2023-05-12,2020-05-10,vote,condition,2021-02-21,Rebecca Curtis,Rachel Sanchez,public,want,worry,West Annstad,wide,HKH 161,last,know,better,form,brother,artist,make,particularly,4697,27707,59766,likely,consider,safe,record,decision,wrong,family,democratic,now,break,think,probably,final,2023-12-12,letter,available,any,fish
8833,risk,West Dalemouth,relationship,rate,Kathleen Walsh,Chapmanfort,8W 77801,thank,5,hard,2023-10-02,2023-04-23,that,property,whole,operation,2021-07-27,2021-05-12,will,2020-12-13,2020-06-05,woman,seek,2023-05-30,Madison White,Kristina Crane,car,item,seek,Ramoston,treatment,O18 0WP,throw,generation,reality,book,activity,again,music,authority,8345,56741,79086,because,pay,what,stop,sound,likely,collection,animal,rest,reduce,find,painting,close,2020-07-22,or,blood,fill,child
1797,first,Andersonbury,well,true,Wanda Tucker,South Kimberlyhaven,KNK 543,since,2,act,2024-07-16,2022-05-17,simply,but,cover,number,2021-12-14,2020-07-08,stage,2025-02-13,2024-11-18,feel,other,2020-06-06,Mary Shannon,Dr. William Weber,experience,chance,safe,Josephton,work,7-K9585,focus,successful,successful,bit,still,less,realize,anything,2229,4337,21249,meeting,it,impact,about,mouth,threat,floor,like,pull,list,practice,ask,contain,2025-02-17,stop,home,common,machine
9488,artist,Thompsonfort,during,perhaps,Daniel Rivera,West Elizabeth,733-LTU,must,2,eat,2020-04-17,2023-06-11,that,world,interview,add,2020-05-25,2023-02-17,big,2020-02-12,2021-10-06,spring,natural,2022-04-09,Ms. Valerie Butler,Jason Johnson,off,become,region,Port Sharon,power,943S,give,spend,edge,build,generation,real,work,career,8301,58957,87082,born,least,especially,suffer,ability,fast,particularly,occur,may,since,term,every,if,2024-12-25,watch,almost,it,remain
8765,response,North Julieton,return,mission,Michele Thompson,New Kariborough,514-FKQ,perhaps,4,clearly,2025-03-22,2020-01-10,evening,significant,scientist,subject,2022-03-17,2024-06-28,bar,2025-01-18,2023-06-24,save,worry,2023-02-01,Robert Briggs,George Taylor,organization,hard,environmental,Armstrongmouth,last,QXI-140,good,TV,left,make,serve,while,test,step,9289,36733,8676,group,southern,around,beat,possible,lay,weight,beyond,behavior,assume,easy,east,then,2020-12-11,create,option,put,pressure
5128,bad,Port Robert,sometimes,report,Andrea Johnson,West Kimberly,8YPU 38,almost,2,form,2022-04-22,2020-04-26,still,chair,different,and,2023-01-21,2022-02-14,policy,2022-11-05,2021-03-31,music,list,2025-04-30,John Pratt,Ashley Cuevas,allow,Mrs,stuff,Port Ericside,they,9-21079,responsibility,also,character,court,fall,for,oil,guess,9742,56538,62305,decade,type,century,how,oil,police,could,you,series,may,question,set,board,2024-08-05,special,teacher,pressure,production
6562,reveal,Deborahborough,necessary,several,Phillip Johnson DVM,East John,4-8637K,six,2,turn,2023-09-20,2022-04-11,positive,level,guess,bank,2024-04-22,2021-03-20,born,2022-12-05,2023-09-18,morning,Congress,2025-03-16,Parker Scott,Jose Gonzalez,off,market,attention,Jessicafurt,ago,74-6832Y,miss,pull,police,term,break,still,want,tree,2725,41410,1472,quality,moment,arm,bit,lose,fine,computer,agent,travel,stay,relate,today,mouth,2021-04-25,mention,structure,voice,fine
4147,reduce,Lestershire,reduce,address,Karen Wilkerson,North Lorettaview,7SM7098,want,4,lot,2022-03-19,2024-07-22,direction,day,billion,situation,2023-01-09,2023-08-22,word,2020-06-17,2021-12-27,all,strategy,2020-04-13,Frances Tucker,James Gutierrez,start,point,bar,New Eric,each,004 SIJ,enough,cut,morning,performance,subject,the,least,couple,4709,88268,13642,security,walk,attack,often,for,green,best,ball,pay,research,modern,significant,loss,2021-12-21,movement,easy,spring,tree
9546,camera,Ramirezborough,husband,call,Rachel Smith,Salinasshire,3DX 193,about,3,wait,2024-05-01,2022-10-20,simple,throw,such,add,2021-06-09,2021-04-01,book,2024-08-14,2022-01-05,these,son,2021-04-08,William Kennedy,Kristin Rodriguez,while,artist,raise,Nelsonborough,break,HYG 473,these,data,protect,budget,worry,common,range,thousand,9356,61583,40286,thing,marriage,artist,gas,military,president,rest,lead,account,join,build,history,control,2021-10-04,reflect,somebody,add,together
9387,recently,East Amandaton,skin,go,Karen Jones,Danielside,AJ1 2828,herself,3,short,2021-03-16,2023-10-23,game,kind,admit,doctor,2021-10-31,2024-04-06,imagine,2020-08-02,2024-01-07,entire,throw,2022-05-06,Felicia Anderson,Andrew Dorsey,necessary,he,foot,Wrightmouth,agreement,CRJ-5689,window,walk,trouble,century,material,threat,necessary,its,8932,48819,28323,itself,water,various,age,raise,brother,news,traditional,oil,prove,attention,system,party,2022-10-14,something,school,white,research
9786,cover,Herrerahaven,country,itself,Elizabeth Robinson,Fergusonmouth,CJL-8669,the,3,relate,2021-09-22,2022-02-01,information,paper,relate,over,2023-12-26,2023-02-12,effect,2020-12-04,2025-05-04,try,off,2021-11-25,Andrew Walker,Steven Ray,idea,son,really,Webertown,smile,986-FTL,kid,agency,thank,make,also,any,bring,performance,2844,35643,23140,politics,truth,policy,car,face,position,senior,science,power,rock,trial,couple,language,2022-08-07,church,indicate,tell,majority
5629,option,East Laurie,ahead,hear,Jill Neal,Brendaside,61DR559,remain,2,market,2021-12-31,2024-06-26,as,add,daughter,pick,2022-06-03,2020-01-03,within,2020-10-04,2023-11-04,throughout,on,2021-09-04,Raven Ward,Michael Newman,collection,national,international,East Daniel,also,MAT 439,I,work,indicate,customer,event,spend,many,north,5893,57916,51634,yard,cause,sound,happy,on,bad,mind,may,their,yet,yeah,event,past,2022-11-08,improve,hit,yes,again
8812,century,Blakeland,employee,world,Paula White,New Jamieburgh,VQE 165,hour,4,character,2021-09-05,2020-11-20,avoid,wonder,whom,cultural,2023-04-11,2023-02-08,be,2024-12-13,2020-02-15,ability,strategy,2022-07-28,Gregory Thornton,Chelsea Rhodes,perform,else,painting,Washingtonburgh,value,Y 245860,list,might,magazine,increase,must,point,while,institution,2843,17117,78000,group,organization,material,action,structure,PM,least,learn,market,build,month,although,push,2022-10-21,conference,month,bag,television
3499,country,South Amberburgh,commercial,product,Marcia Lee,Joanneborough,6-2961D,be,4,themselves,2023-09-15,2024-06-09,item,challenge,cold,project,2024-05-26,2024-05-08,interview,2023-05-28,2021-02-13,glass,interest,2021-12-19,Benjamin Schultz,Tina Parsons,majority,fear,his,East Jillmouth,party,GWO 996,interesting,yard,physical,way,audience,learn,opportunity,card,2080,26510,31728,together,half,success,leg,tonight,term,perform,article,fly,go,seat,great,open,2021-06-07,house,PM,within,approach
7021,high,Garciafurt,piece,because,Tara Gordon,South Christinetown,Z25-MSX,Democrat,2,hope,2024-06-15,2020-10-17,trial,sell,catch,most,2021-12-05,2023-07-15,culture,2023-04-06,2024-03-15,process,say,2025-03-27,Sandra Simpson,Matthew Case,different,future,positive,Angelabury,before,HSQ 650,age,style,how,share,her,challenge,window,beyond,5102,746,82609,rich,pressure,majority,space,truth,its,answer,message,growth,thousand,save,than,collection,2024-12-04,until,mind,easy,enough
4841,phone,East David,although,least,David Mason,Allenstad,9W L6041,Democrat,2,catch,2023-11-16,2021-11-17,professional,fear,mention,happen,2022-11-18,2021-11-12,stay,2020-12-25,2021-03-25,occur,else,2022-12-24,Tyler Wheeler,Elizabeth Keller,glass,school,find,Sotohaven,hope,TBV-345,approach,above,leg,threat,again,project,we,ago,8630,55608,43070,anything,already,control,writer,Mr,relate,mission,role,image,development,such,hair,vote,2020-02-06,clear,but,necessary,heavy
1956,score,New Toddland,team,page,Brenda Barrett,South Annafort,ZYP Z86,but,5,season,2025-02-01,2022-05-29,science,against,finish,response,2024-10-15,2020-01-03,court,2021-06-28,2020-04-10,area,need,2020-04-22,Mary Bradford,Zachary King,politics,lay,American,West Keith,control,JGU 129,food,individual,occur,really,series,back,group,share,1848,92878,19131,suffer,collection,agency,expert,something,in,who,usually,recognize,will,explain,garden,fund,2022-08-23,late,later,imagine,answer
1343,choice,Christinemouth,store,never,Nicholas Jackson,North Krista,330 WXE,claim,1,eat,2020-09-05,2024-01-31,level,city,interesting,finally,2022-05-08,2021-02-16,investment,2020-01-04,2020-10-11,stock,impact,2021-08-18,Rodney Swanson,Lindsey Walker,traditional,drug,amount,Phillipsberg,build,79M J88,high,much,research,never,others,forget,nice,century,2205,43922,97903,stay,matter,share,reason,game,black,garden,cup,task,detail,last,individual,similar,2022-01-10,customer,star,among,market
9949,him,Hannahstad,practice,easy,Lisa Gates,Lake Alejandra,HBP 598,son,3,several,2020-08-11,2022-02-28,national,case,quickly,rock,2023-06-12,2020-03-01,dog,2020-09-12,2022-02-04,book,camera,2023-08-03,Emily Ward,Alisha Hicks,probably,perform,trip,North Eileenhaven,various,7B 44257,your,effect,past,example,majority,old,measure,truth,8764,558,52466,sound,discover,various,someone,think,career,term,either,look,media,or,general,season,2024-05-10,skill,bill,hospital,newspaper
6837,especially,Grantchester,person,physical,Steven Smith,Ericborough,EDJ-021,guess,5,soon,2021-01-08,2024-09-22,chair,do,hospital,as,2021-10-27,2022-09-20,certain,2025-03-29,2023-10-10,through,girl,2025-03-29,Gregory Gonzalez,Heather Bradley,receive,green,animal,Ricestad,clearly,558BH,I,reason,about,player,onto,time,federal,tree,3914,75029,49382,real,book,wish,show,suddenly,officer,ahead,game,technology,trade,foreign,old,eye,2022-02-14,direction,town,tree,movement
5123,city,Port Ryanborough,include,understand,Sherry Ortiz DVM,East Michelle,A55 4TG,current,3,from,2024-12-24,2023-12-15,day,director,mind,deep,2025-04-14,2020-01-03,center,2022-04-14,2023-01-26,score,suffer,2025-03-30,Juan Rivers,Ian Rich,head,central,every,Williamsview,Mr,2K 5656H,show,mouth,product,material,but,rather,guess,school,3782,90050,25479,white,require,serve,art,admit,hour,so,recognize,develop,let,ready,point,trial,2024-01-19,thus,our,like,interest
2033,sister,West Emily,set,member,Rebecca Perkins,Charlesfort,REA 778,general,2,meeting,2022-01-04,2022-12-16,father,establish,value,away,2021-09-10,2023-02-01,development,2024-08-05,2024-02-21,agent,experience,2024-09-10,Lee Cantu,Bryan Thompson,son,serve,discuss,Eatonton,smile,LUS 096,media,list,court,arm,condition,quality,quite,career,9812,81427,3422,must,child,so,loss,station,environment,rich,stock,out,cause,understand,agree,that,2021-12-06,machine,condition,avoid,address
3281,author,West Abigail,present,century,Gina Perry PhD,Chandlerstad,305 FRO,good,3,building,2021-07-21,2023-08-31,just,quality,on,they,2021-09-14,2023-12-04,do,2023-05-07,2023-12-08,commercial,voice,2023-12-23,Kathleen Brooks,Todd Pacheco,sense,reveal,may,Kyleberg,culture,R77-PER,back,soldier,start,clearly,figure,class,product,standard,5715,96996,14808,those,outside,now,light,law,continue,large,next,where,service,call,later,spring,2024-06-15,cup,pattern,impact,teacher
7155,room,Jennifertown,great,scene,Jennifer Jackson,Lake Jamesland,382LRS,piece,1,money,2022-04-12,2024-01-13,focus,usually,list,make,2021-09-04,2023-01-01,thing,2021-12-29,2024-02-12,down,reason,2021-01-03,Troy Marks,Edward Hicks,attorney,me,model,West Rachelland,strong,1C 4S7YHC,quite,phone,reality,resource,maybe,without,old,most,1295,89450,95405,occur,reality,American,around,evidence,thousand,entire,someone,level,morning,instead,both,light,2023-06-26,Republican,clearly,town,begin
4780,population,Humphreyton,go,card,Jamie Landry,North Juliachester,92-44086,though,5,court,2025-02-14,2023-12-14,successful,remain,fall,well,2020-10-13,2020-07-15,receive,2023-04-19,2023-10-23,mention,agree,2025-03-15,Ronald Wood,Jennifer Mcintosh,friend,until,foot,Christophertown,care,12-2568W,professor,growth,hospital,source,challenge,manager,ground,peace,2940,39946,18282,although,second,reason,pass,smile,fall,resource,live,result,south,out,upon,watch,2023-04-28,certainly,ground,provide,all
3575,store,Lake Carolynberg,science,and,David Baker,Port Paulmouth,KQA-333,according,1,couple,2020-09-27,2024-04-17,few,total,deep,television,2025-02-05,2025-02-24,significant,2023-09-26,2020-08-03,less,account,2024-05-25,Juan West,Jeffrey Moore,political,meeting,entire,New Rachelfurt,improve,8OE1892,while,risk,ten,within,same,enjoy,baby,test,3451,82155,14,ball,successful,among,nor,loss,cold,nice,exist,too,eat,news,no,matter,2022-08-10,find,item,manager,value
4541,cultural,Port Benjaminville,truth,time,James Gordon,Colonhaven,GS4 6912,election,2,west,2022-01-27,2023-11-07,miss,well,short,investment,2021-06-12,2023-01-17,local,2024-10-01,2024-10-04,account,why,2024-09-28,James Maxwell,Donna White,night,eat,go,New Jessicabury,price,449-RFC,dream,force,machine,simply,whatever,test,stage,machine,3563,21142,63812,board,garden,goal,writer,animal,thing,report,look,attorney,official,prevent,feel,leave,2022-03-14,leader,expect,off,significant
9782,your,Sanchezside,success,lawyer,Jessica Norris,Blairborough,3Y 2L2AOW,drop,4,thank,2022-09-09,2022-11-30,five,against,minute,exist,2024-12-07,2022-04-08,who,2024-06-24,2022-11-28,century,should,2021-10-13,Valerie Cross,James Rivers,owner,future,kind,Calvinstad,when,5NUS 31,budget,central,clearly,field,form,cost,world,myself,7122,3908,12270,without,too,difference,traditional,interview,body,property,toward,keep,indeed,else,tree,report,2023-05-18,term,interest,responsibility,religious
9665,concern,Anthonyville,analysis,court,Blake Carter Jr.,Marcoville,ZBJ 970,door,2,effort,2023-01-18,2021-06-04,suddenly,who,whatever,rate,2020-06-14,2020-03-04,any,2025-04-05,2021-03-23,site,seem,2022-11-12,Nicole Ayers,Danny Bond,parent,be,appear,Millerhaven,hard,MYS 761,son,price,major,thank,wonder,certain,score,together,2672,50741,40924,others,allow,film,ability,grow,successful,wide,hundred,computer,high,employee,thing,suffer,2023-12-22,central,crime,east,response
1212,idea,South Frank,enjoy,simply,Michael Ryan,North Eric,8AQ 899,box,1,truth,2022-12-11,2024-09-14,plant,last,task,own,2025-02-05,2024-03-20,whether,2020-07-25,2020-01-12,expect,collection,2020-06-10,Pam Thompson,Heather Goodman,put,produce,participant,Fordborough,human,YUW 5006,treatment,conference,water,man,manager,matter,your,reflect,5772,87505,80579,appear,recognize,until,happy,speech,require,piece,suddenly,choose,soldier,than,produce,movement,2020-06-23,approach,sea,describe,pattern
6752,knowledge,West Johnside,however,watch,Vanessa Gutierrez,West Travisburgh,6-1988M,never,4,staff,2022-12-27,2023-06-04,nature,finally,man,outside,2024-03-21,2020-03-06,offer,2021-03-02,2023-10-08,father,enter,2024-06-08,Andrew Chen,Hayley Greene,possible,interesting,challenge,East Jennifer,rock,317-VCV,federal,year,than,prove,move,about,third,source,8293,83190,43876,list,own,military,soon,population,point,forget,well,degree,beat,wear,partner,compare,2020-02-10,middle,present,leave,wait
8272,data,Floydland,foreign,fill,Hector Jackson,Kaylastad,ZPM 085,nice,4,second,2024-08-31,2021-11-03,you,rate,full,week,2020-12-13,2024-03-21,pull,2025-01-27,2024-12-18,go,guess,2021-02-19,Kim Bartlett,Karen Hernandez,common,leg,hundred,Douglasview,everything,33-UL79,animal,discover,entire,finish,ready,former,weight,high,9717,69742,50809,enter,expert,wind,consumer,top,rather,spring,respond,stock,option,source,human,beautiful,2022-01-02,discussion,college,alone,so
6635,teach,Brandyton,cut,open,Jason King,North Ronaldtown,E49 5SW,action,3,air,2022-12-13,2021-10-03,near,term,example,red,2022-09-30,2024-03-02,blue,2022-01-01,2020-03-09,collection,participant,2024-02-03,Kari Chase,James Garcia,truth,suddenly,agency,East Kenneth,east,9N 7372T,up,budget,rate,level,right,company,able,scene,5872,61666,18492,blood,clearly,everyone,most,tax,option,loss,but,garden,young,section,public,statement,2024-08-24,tell,imagine,successful,list
1405,how,East Danielle,want,fire,Rachel Wilson,Port Russellville,401 XZ1,week,5,respond,2023-05-25,2022-12-25,fact,eight,live,hand,2024-11-30,2023-10-21,standard,2023-01-17,2024-07-20,gun,series,2022-03-06,Christopher Bradshaw,Richard Flores,per,seven,three,Lake Emily,behind,VNQ9125,brother,than,while,mention,matter,even,test,buy,8429,39915,73075,trouble,gas,fly,blue,traditional,dark,success,form,glass,give,blood,look,down,2022-08-26,property,fire,movie,former
9298,few,Annaport,score,return,Jeanette Wright,Fosterbury,275 YLA,let,2,worker,2024-10-01,2025-03-09,center,those,your,cell,2024-04-01,2020-07-19,store,2021-03-09,2021-01-16,husband,quality,2021-03-15,Ms. Annette Hayes,Paula Hall,voice,of,someone,Michellechester,according,BAS 603,involve,food,also,election,everything,enjoy,look,north,1658,5249,57165,perform,administration,because,according,building,blue,left,character,person,little,few,rest,industry,2020-01-22,her,lose,study,agency
2929,student,Karenfort,decide,leave,Sean Thompson,North Jeremy,007NMU,involve,5,or,2020-05-03,2024-07-19,computer,just,more,necessary,2022-09-05,2022-10-30,hour,2022-12-10,2020-12-04,learn,like,2022-01-25,Sheila Moran,Brenda Davis,very,mouth,stand,New Tiffany,reveal,N35 8KL,task,sing,nature,international,standard,family,from,identify,1691,39051,83951,notice,test,agreement,remain,seven,any,run,become,research,laugh,from,stage,eight,2025-01-08,around,recent,skill,agreement
7886,idea,Amberstad,too,student,Belinda White,Schultzburgh,762QXF,none,3,record,2022-10-25,2022-08-27,many,week,field,give,2025-05-01,2023-05-24,moment,2023-04-30,2020-07-19,everybody,once,2024-08-04,Margaret Carey,Renee Rivera,toward,those,part,Virginiastad,my,KTA-367,myself,state,poor,stock,tree,area,growth,bed,7713,38543,18318,use,reveal,near,answer,appear,remember,wish,its,top,how,social,blood,than,2024-12-13,country,bit,call,society
5753,appear,Gordonbury,thought,film,Mathew Richards,East Waynemouth,49B MU8,staff,4,compare,2021-05-25,2020-04-22,thousand,benefit,should,place,2024-08-20,2024-10-20,tough,2021-01-08,2020-04-11,sea,admit,2022-07-07,Curtis Gonzalez,Levi Romero Jr.,somebody,tell,teacher,West Whitneyshire,day,JFX3331,stay,authority,reality,ground,year,everything,wait,series,2623,37213,87511,entire,may,loss,continue,section,social,major,claim,pull,behavior,indicate,audience,occur,2023-03-27,threat,place,him,even
5204,if,Lake Kyleburgh,exactly,along,Debbie Robinson,South Alanhaven,03-3539A,focus,3,pressure,2023-07-07,2020-08-01,sound,chance,law,answer,2025-04-02,2020-10-12,go,2021-09-17,2023-12-19,use,structure,2023-10-08,Mr. David Irwin,Casey Caldwell,pattern,especially,like,New Jeffburgh,machine,74A Y69,office,hope,listen,strategy,program,strategy,example,stuff,9419,71015,84331,entire,evidence,spend,recent,kind,can,protect,suggest,ok,class,result,five,ball,2021-06-11,close,rock,conference,must
2788,edge,East Jason,blood,month,Teresa Jones,New Lorimouth,VMC 5978,year,3,wall,2023-03-07,2020-05-24,career,election,worker,day,2023-09-13,2022-09-24,most,2022-02-03,2025-04-23,professor,budget,2024-08-16,Eric Lewis,Andrea Lucas,include,sport,he,Port Katelyn,design,LOC 159,understand,make,let,where,through,case,cell,because,4711,66650,95921,rock,hundred,hold,ask,school,parent,consider,least,but,direction,teacher,mind,team,2023-08-19,young,stand,mind,house
2050,series,East Kimberly,coach,stage,Eric Lopez,West Toniland,6VE 722,lawyer,3,past,2023-11-03,2020-03-10,describe,century,board,phone,2020-01-25,2023-04-27,great,2022-07-27,2020-10-12,specific,program,2021-12-31,Isaiah Patrick,Angela Macias,down,health,catch,Shepherdland,relate,NGB-441,gas,financial,rock,job,us,create,moment,should,9035,49688,82256,month,far,never,lot,act,local,deep,region,play,result,be,third,travel,2024-04-12,responsibility,report,attention,north
8405,accept,Underwoodville,program,nature,Stephanie Barnes,Reevesport,72-3102D,together,4,require,2021-11-02,2022-05-29,travel,director,president,something,2020-04-13,2024-10-28,kind,2024-05-01,2023-06-14,church,simply,2024-10-03,Frederick Simpson,Michael Rodriguez,impact,maybe,trial,North Mark,hope,14N W87,practice,season,part,stock,reach,thought,too,yourself,3034,25335,92000,democratic,Republican,indicate,great,need,space,sing,impact,fine,gas,one,tonight,pay,2023-04-17,much,town,glass,guy
7587,take,Roseborough,growth,impact,Marcus Perkins,Bradleytown,X42 4YA,federal,1,light,2022-02-12,2024-08-17,test,television,defense,fact,2022-09-10,2024-03-24,cup,2022-07-14,2021-09-03,difference,hot,2022-12-16,David Adams,Dwayne Stark,help,push,budget,Port Josephtown,investment,DEH-614,pick,peace,Mr,figure,TV,her,finally,agent,5196,72548,1415,data,start,simple,in,create,page,piece,industry,not,why,relationship,thank,hour,2022-01-26,class,skin,news,something
3693,every,Shannonview,physical,happen,Lauren Powers,Richardsburgh,33X A19,perform,1,look,2022-08-28,2021-09-19,peace,worker,message,parent,2022-12-28,2024-01-15,blood,2020-06-29,2022-09-08,someone,sometimes,2020-12-07,Daniel Mccoy,Mason Morton,sister,before,environmental,Clarkview,which,0Z 66895,next,long,doctor,upon,analysis,rule,situation,region,6838,69935,16435,pick,year,through,identify,man,attack,evidence,across,direction,direction,approach,never,everybody,2022-09-26,clearly,culture,tough,yard
4801,major,Vincentland,network,store,Charles Crosby,Millermouth,638DNJ,expect,2,history,2020-01-03,2024-10-24,life,whether,yeah,beautiful,2021-10-20,2021-04-23,defense,2025-03-05,2024-08-25,reveal,range,2023-10-01,David Young,Nathan Collins,since,worry,so,Lake Matthew,hot,KSS6132,history,current,foot,school,evening,base,end,tree,3177,16766,93072,sport,relate,story,personal,staff,green,carry,lead,relate,small,loss,nice,so,2023-04-22,back,impact,hospital,matter
5299,series,Cynthiaport,though,career,Michael Conrad,New Andrew,876 WXK,program,4,them,2023-05-05,2021-07-29,worker,once,oil,life,2020-12-13,2021-07-08,likely,2024-04-22,2024-04-15,home,around,2023-07-31,Jose Hernandez,Sandra Mendoza,him,water,heavy,West Richard,recent,205 PLB,up,land,claim,short,shake,blue,buy,evening,4254,68833,87867,anyone,show,run,standard,radio,general,rather,can,rock,others,after,task,kid,2021-08-15,rest,upon,office,large
2536,describe,East Michael,month,contain,Karen Lozano,East Annaburgh,524-SPF,public,2,or,2023-06-01,2020-10-27,blue,start,space,far,2023-07-03,2020-12-05,hour,2022-03-25,2020-07-20,themselves,government,2022-08-13,James Robinson,Douglas Larson,property,environment,memory,New Charlesside,for,863-VQA,mouth,suffer,social,theory,choice,show,majority,option,3886,89247,21679,stop,not,always,point,artist,air,customer,before,piece,million,whatever,heavy,product,2022-02-23,citizen,what,know,thought
7077,threat,Sheilaside,among,charge,Abigail Cole,Whiteland,05M HI3,better,4,degree,2023-08-04,2024-12-13,chance,performance,foot,create,2024-11-07,2021-07-25,try,2021-06-13,2025-01-28,upon,visit,2022-11-11,Linda Pearson,Daniel Curry,people,subject,listen,South Melissa,population,QWA 154,remember,lose,leader,action,audience,another,pattern,protect,3200,14588,20930,image,rate,bit,owner,attack,move,stand,could,medical,simply,financial,or,executive,2025-04-09,test,capital,maybe,security
3424,sense,Michaelport,deep,high,Joe Nguyen,Whitakerfort,814-QIZ,decision,4,listen,2022-03-06,2023-01-01,true,network,officer,then,2023-02-01,2020-07-13,him,2024-03-29,2024-11-12,tend,seem,2020-12-15,Alyssa Moreno,Deborah Stark,everybody,treat,although,New Ericbury,gun,6G714,race,board,indicate,data,local,exist,defense,operation,5184,14007,3417,six,conference,account,marriage,involve,network,executive,seem,picture,in,while,coach,national,2025-05-01,assume,PM,daughter,carry
7873,job,North Jared,somebody,property,Beverly Johnson,Gonzalezville,TCX Q85,ago,1,cost,2022-06-11,2020-09-24,explain,from,these,course,2024-02-12,2020-07-01,receive,2024-01-30,2021-04-26,too,pay,2020-07-20,Laurie Jacobs,Tony Oconnor,stage,enough,again,East Ryan,great,451-IEU,attack,put,sing,one,reflect,tough,event,investment,3323,85854,57434,only,people,use,stand,piece,many,heart,common,item,central,economic,increase,computer,2021-08-18,might,late,region,church
4285,report,Katherinefort,black,population,Keith Morton,East Christopherport,6S 0G1AGW,together,5,record,2022-08-07,2024-06-20,focus,choice,store,group,2024-05-25,2021-11-13,role,2023-08-28,2024-03-10,fear,range,2023-07-31,Kimberly Navarro,Tammy Miranda,feel,war,benefit,New Brittany,mean,D35 4BK,set,or,anyone,stock,sense,candidate,now,like,6171,1283,70012,compare,tend,behavior,them,general,art,east,form,wonder,picture,almost,together,or,2024-01-10,college,on,quite,agent
8278,black,Reynoldston,situation,war,Glenn Cardenas,Port Sue,2FH 802,region,4,respond,2022-07-21,2022-02-28,idea,affect,growth,watch,2024-04-30,2023-07-11,hand,2022-09-06,2020-11-14,man,week,2022-02-17,Jay Brown,Emily Ellis,machine,television,city,Lake Jasmine,check,XE 8749,carry,approach,myself,cause,other,into,military,American,2181,46287,96821,per,recognize,page,drug,baby,huge,drive,student,machine,budget,capital,under,issue,2021-02-25,hit,if,tell,begin
5766,once,West William,than,leave,Nicole Rivas,Riverahaven,Z26-XML,knowledge,2,although,2025-04-10,2021-06-21,court,surface,traditional,attention,2022-10-14,2024-12-04,according,2020-01-14,2020-02-12,her,relate,2020-06-28,Michael Vazquez,Jennifer Trujillo,recognize,produce,charge,Hollyland,rate,TXQ-2284,manage,though,customer,camera,through,write,say,carry,1294,61569,99330,study,actually,actually,dog,rock,less,citizen,almost,then,role,great,project,between,2024-11-18,tough,among,bit,instead
8969,wear,Warrenmouth,open,job,Amy Lee,Steintown,KTA P74,recently,4,population,2024-09-04,2024-01-06,left,husband,story,happy,2023-08-20,2020-09-03,together,2020-07-17,2024-03-25,hit,senior,2024-09-20,Ashley Brown,Miguel Torres,military,concern,model,New Lorraineport,these,MSF 543,simply,assume,visit,remain,minute,key,particularly,sometimes,7186,24726,89348,peace,store,create,describe,religious,media,thank,foot,who,arrive,tree,training,worry,2023-03-05,else,each,significant,safe
7647,thought,Trujillomouth,thank,behind,Douglas Gamble,Stewartshire,AFF 000,from,1,others,2024-09-07,2024-09-21,meeting,employee,dog,simply,2021-01-10,2021-06-22,create,2023-11-18,2022-09-06,rich,ball,2024-01-08,Danny Baker,Shane Allen,claim,into,music,Port Mary,address,90V 9254,avoid,move,occur,head,by,animal,measure,sometimes,8404,58243,22689,own,upon,what,newspaper,part,factor,act,especially,physical,out,usually,where,game,2023-02-15,seem,suffer,government,find
7917,perhaps,Lake Jasonville,member,also,Mary Wilson,Reyestown,337-KORV,player,2,listen,2025-03-16,2024-02-16,each,certainly,surface,data,2021-08-14,2024-04-09,agent,2023-01-10,2022-02-26,education,young,2023-02-11,Lauren Mcknight,Paul Mclean,everyone,option,these,North Catherinefurt,trip,TZN-397,occur,manage,beat,reduce,son,sit,else,strong,1207,56321,18359,away,consumer,garden,subject,through,magazine,easy,then,Democrat,you,truth,option,coach,2025-04-13,American,analysis,affect,talk
9424,mind,East Kristen,develop,wear,William Gonzalez,North Raymond,7398,whether,4,soon,2021-02-21,2022-11-16,find,no,training,available,2024-07-04,2021-11-22,gas,2021-06-13,2024-02-23,agent,very,2020-06-12,Caitlyn Walter,Mackenzie Brown,father,total,indicate,Thomastown,determine,169-KWS,for,night,although,too,air,particularly,return,her,8579,20388,69242,within,defense,attention,near,whatever,keep,center,whatever,source,life,guess,deal,trade,2022-12-19,room,Democrat,offer,popular
7650,court,Lake Martha,opportunity,employee,Anthony Alexander,Montesmouth,124016,interesting,1,century,2020-05-02,2024-01-31,summer,reveal,still,outside,2023-12-16,2022-10-25,tonight,2023-01-02,2023-11-15,nor,week,2022-02-07,Laura Wilson,Eric Gaines,area,war,level,Goodwinview,spring,42M R14,painting,I,collection,lawyer,enough,people,officer,development,8903,23403,43335,enjoy,here,body,successful,choice,result,alone,property,outside,main,theory,according,measure,2020-09-08,position,likely,weight,cold
6749,protect,New John,today,five,Heather Gonzalez,East Tamaraberg,502 SJX,any,3,economy,2021-03-03,2022-06-15,beat,catch,reflect,some,2022-10-06,2023-01-22,chance,2022-05-30,2022-11-30,coach,blue,2024-01-10,Ethan Malone,Mrs. Jennifer Horton MD,drive,throughout,study,West Pamelastad,daughter,469-MRZR,perform,morning,natural,serious,control,need,another,thank,8355,11083,18661,measure,company,before,support,carry,out,compare,control,bill,exactly,state,allow,different,2021-10-07,administration,though,officer,walk
1849,agency,Courtneyville,lot,threat,Kimberly Bell,North Veronica,3P 77190,second,3,tax,2024-02-11,2023-01-27,sea,enter,world,between,2020-07-21,2025-03-09,child,2020-04-26,2024-09-22,baby,when,2024-02-17,Jonathan Rogers,Nathan Burke,according,color,professor,East Christinaborough,democratic,FYG-615,born,bed,fast,impact,sister,matter,necessary,day,1468,51274,84582,son,different,manage,old,size,business,interview,right,whatever,card,protect,outside,establish,2024-01-31,consumer,peace,develop,break
1527,nearly,North Dakotatown,think,reveal,Joshua Mccormick,Caitlinberg,N11 4WA,cause,1,movie,2021-08-25,2023-12-19,somebody,around,politics,change,2021-10-06,2022-03-26,employee,2021-04-19,2023-08-17,blood,effort,2021-07-07,Patrick Grant,Ms. Hannah Pugh,store,before,letter,South Darrellmouth,pattern,LDE 067,sing,carry,force,peace,dinner,station,kitchen,tend,9317,35475,51165,fill,upon,international,guess,feel,prove,Republican,north,hundred,health,truth,exist,clearly,2024-03-06,offer,senior,real,party
1528,service,New Marcmouth,ground,people,Sheri Yoder,East Christopherland,0N 9274W,message,1,hour,2020-07-20,2024-01-26,beyond,speak,speak,before,2021-10-05,2020-12-03,remember,2021-02-26,2021-06-07,travel,Mrs,2024-04-06,Carla Martinez,Dwayne White,section,after,still,Jocelynbury,how,IH7 F5Y,government,couple,pattern,thought,far,forget,heart,charge,4906,5642,68662,option,majority,cover,state,back,PM,race,surface,realize,need,information,line,meet,2020-07-19,environment,trial,but,dark
3617,piece,Lake Paul,onto,mouth,Jordan Thompson,East Richard,OW 75614,after,2,at,2022-04-01,2021-06-13,seat,others,civil,someone,2022-11-25,2021-06-19,itself,2020-07-19,2022-10-03,another,property,2020-03-29,Christina Browning,Nancy Patterson,miss,security,movie,Port Tonya,with,06H Y81,appear,hospital,nice,service,foreign,million,activity,create,3120,45058,71638,together,offer,wind,at,media,player,possible,learn,protect,manage,seat,mean,budget,2025-02-17,popular,surface,film,result
6612,may,Lake Sandrachester,personal,nothing,Amy Shea,Riverashire,374-TSG,ball,4,establish,2023-02-27,2021-10-20,fill,civil,data,product,2020-11-18,2020-07-19,business,2020-03-23,2024-12-19,according,organization,2022-01-25,Tracy Brown,Sabrina Meyer,attention,ground,evening,West Colton,partner,5R 0316N,when,rest,above,car,least,mouth,relate,name,7375,60618,97470,today,these,charge,place,national,television,forward,become,to,property,hit,cut,direction,2023-06-17,Congress,although,statement,true
9001,option,East Amandamouth,friend,whose,Kimberly Miller,East Monicaborough,307 QWO,fact,2,again,2023-05-22,2020-07-31,reason,address,show,animal,2022-10-28,2023-12-24,himself,2020-05-24,2020-12-30,between,song,2025-05-03,Ruben White,Ashley Grimes,indeed,notice,rather,Laurenberg,understand,DTJ-401,safe,mother,themselves,degree,development,size,walk,team,8642,45418,65708,hundred,now,town,woman,success,weight,development,loss,Republican,much,either,everyone,research,2023-05-22,impact,similar,agree,real
9691,personal,Riggsstad,food,morning,Jennifer Morales,North Danielchester,FID 539,capital,3,hospital,2023-11-03,2022-08-14,poor,action,treatment,green,2025-03-08,2023-11-30,administration,2020-06-10,2021-07-21,must,common,2023-12-13,Margaret Cameron,Stephanie Stewart,relate,strategy,music,Lake Alexandra,real,D91-LQR,official,player,mother,believe,sport,thank,view,support,5263,96626,36068,bar,place,carry,senior,evidence,write,treat,able,around,college,carry,wife,trouble,2022-07-13,as,open,power,of
8217,future,West Brianaland,agree,show,Keith Coleman,New Briannaton,382-ILR,always,1,my,2020-06-02,2020-10-02,you,successful,we,only,2022-03-11,2021-08-02,doctor,2023-10-13,2021-01-12,leg,weight,2021-04-24,Melissa Raymond,Patrick Mcintosh,provide,arrive,protect,Jessicaville,feel,SFN 307,see,fire,trip,data,paper,loss,everything,information,9599,32810,21864,character,send,crime,leg,professor,hospital,management,animal,point,size,apply,phone,unit,2022-05-19,moment,Mr,leg,big
5275,coach,Lake Marieville,as,each,Nathan Hall,North Daniel,YSM-4928,night,3,occur,2023-03-30,2022-02-09,part,because,property,let,2023-01-03,2020-05-18,agency,2021-09-22,2023-04-30,street,leader,2024-10-24,Veronica Price,Raymond Gonzalez,hard,option,game,Lake Debramouth,try,5A LV543,issue,forget,heart,low,girl,sort,ask,they,3185,72627,8912,main,gun,network,bank,office,cover,identify,once,my,back,modern,those,actually,2021-10-03,full,administration,somebody,remember
8208,support,East Ginaburgh,if,rock,Gregory Marshall,Johnborough,032-KPK,develop,2,happen,2023-03-24,2022-05-11,born,surface,edge,air,2020-03-04,2020-08-06,more,2021-05-12,2022-10-03,very,society,2024-02-15,Austin Rivera,Christian Mack,site,full,hand,Lake Michelleton,close,XRI U77,significant,above,identify,both,power,former,Congress,skin,7102,8692,69218,total,loss,risk,window,feeling,purpose,reflect,local,in,mouth,trade,suffer,anyone,2024-01-30,need,fly,way,two
5788,apply,Amandamouth,end,evidence,Rachel Wilson,Smithbury,9BO2207,I,5,still,2020-02-16,2022-10-01,not,event,against,somebody,2024-11-23,2024-03-17,enough,2020-01-28,2025-01-01,cup,media,2020-06-26,Sergio Murphy,Blake Carlson,baby,try,begin,West Brendaborough,buy,03F693,health,color,model,carry,gas,despite,include,ready,6592,42912,56261,kid,share,money,others,right,no,base,close,marriage,describe,money,we,approach,2023-05-10,suddenly,check,young,table
7782,soldier,Campbellmouth,number,south,Chelsea Graham,Howardchester,5ZC X94,its,2,speak,2020-07-23,2020-01-05,occur,prove,keep,once,2023-12-04,2021-09-15,blood,2022-10-08,2024-09-17,collection,natural,2023-12-01,Diane Harrison,Chad Perez,her,interest,knowledge,Contrerasfurt,less,6KS9724,fear,prepare,any,bring,edge,truth,mention,respond,3546,3889,29145,field,deep,family,green,prove,night,chair,thousand,kitchen,campaign,see,window,century,2020-03-18,by,sometimes,rise,visit
9198,speech,New Meganfort,skill,food,John Williams,Allenport,50-M600,window,2,structure,2023-03-03,2020-08-21,article,become,relate,test,2022-10-16,2021-12-12,sing,2022-01-25,2021-10-06,human,performance,2020-05-27,Sherri Brown,Roy Garcia,itself,rule,this,North Kevinmouth,increase,51QJ695,job,up,hour,process,off,indicate,I,you,8626,45988,63229,very,specific,economic,operation,day,from,become,down,fact,than,pressure,far,dark,2024-01-05,player,represent,take,serve
7185,raise,Benjaminchester,than,store,Diane Gonzalez,Jamesfort,4-9277K,field,1,pressure,2020-10-02,2024-03-09,responsibility,key,because,on,2020-06-01,2023-12-17,yes,2022-04-04,2021-03-24,remember,professor,2020-05-30,Julie Esparza,Lori Foster,parent,seek,road,Livingstonfurt,none,MNZ 083,law,anyone,far,read,its,hospital,spend,win,4797,9282,61675,name,eight,that,quality,capital,officer,president,rock,television,strategy,direction,either,they,2025-03-24,law,bag,itself,material
3207,wife,Lake Jenny,physical,strategy,Kirk Schwartz,Jonestown,2RB3866,school,3,protect,2020-09-21,2024-06-29,sit,behind,response,story,2021-01-21,2020-12-19,cover,2021-03-18,2021-01-30,our,someone,2022-10-09,Andrew Mcdonald,Vanessa Colon,create,hand,effort,West Sharonmouth,organization,PJY 672,little,wife,president,capital,like,reason,result,stay,8931,77678,61842,computer,artist,see,bit,scientist,number,enter,house,available,age,many,idea,new,2023-02-08,any,another,baby,truth
4436,decision,South Angelaside,husband,throughout,Ashley Taylor,Chelseaview,163 WBL,day,5,thank,2021-07-19,2023-07-28,because,firm,article,against,2021-02-21,2022-08-18,reality,2020-12-19,2022-07-06,exist,executive,2020-04-01,Steven Evans,Dr. Sally Spencer,our,than,quite,Port Juan,economic,238 BAE,ahead,season,place,deal,drive,often,surface,tonight,6438,72159,10416,film,early,chance,tell,international,case,huge,look,entire,none,leader,building,total,2022-01-29,someone,role,window,pattern
1005,allow,Marshville,drug,research,Holly Warren,Vanessaborough,4-49298,turn,1,animal,2024-12-04,2020-01-12,candidate,yeah,least,act,2022-09-03,2023-12-21,north,2024-08-02,2023-06-16,expert,structure,2023-11-06,Jamie Russell DDS,Martha Cox,body,once,suggest,Flemingtown,impact,751 HPY,stuff,analysis,thousand,morning,mother,trouble,opportunity,lead,3148,35989,13716,anything,example,remember,eight,during,you,me,true,boy,unit,policy,it,health,2024-12-07,notice,record,glass,will
4156,step,Charlesmouth,marriage,culture,Rodney Warren,New Henryberg,647 9101,message,1,service,2021-05-01,2024-01-20,style,student,learn,brother,2020-03-13,2025-01-08,if,2020-08-13,2020-09-05,ago,increase,2020-12-29,Kyle Becker,Brittney Marks,production,human,old,North Jeffrey,order,NJS 486,inside,author,continue,maybe,clear,range,season,real,3475,47835,88914,brother,opportunity,military,determine,police,hair,key,sing,process,until,card,from,onto,2022-07-15,knowledge,two,certainly,no
9323,special,South Allisonstad,huge,attorney,Andrew Estrada,New Melissa,39J 2225,rather,1,public,2023-10-09,2025-04-13,enjoy,risk,visit,large,2022-08-01,2020-01-31,wide,2021-05-08,2020-08-26,speak,above,2024-02-24,Christina Lucas,Reginald Robertson,maybe,anything,back,New Davebury,low,3-16818,term,never,chair,ever,Mr,ever,old,until,5184,33117,55172,suggest,large,quality,land,far,attack,policy,would,example,experience,media,want,use,2023-10-01,turn,month,among,grow
7248,knowledge,Michelleview,own,strong,Joseph Whitaker,Lake Joshua,H87-VGY,color,2,lead,2023-01-17,2023-08-02,politics,open,out,factor,2021-11-23,2021-05-28,yet,2021-08-20,2024-08-11,technology,eat,2023-08-21,Jennifer Fields,Debra Greene,chair,each,force,Katieburgh,road,67B 104,everything,economic,student,drive,prevent,seat,sometimes,least,7369,89646,95146,campaign,short,to,Republican,glass,skill,notice,hear,say,strong,conference,consider,ground,2021-02-22,prove,fight,school,education
2431,many,West Christinaburgh,gun,card,Andre Mccarthy,West Kellie,2-8759V,peace,5,may,2023-12-03,2021-12-05,such,election,hand,reveal,2022-10-10,2020-02-23,series,2023-11-08,2025-03-10,finish,girl,2021-01-22,Angela Ferguson,Mike Kelly,society,model,professor,South Zacharyberg,place,393SQ,he,none,wall,figure,Congress,new,tend,believe,1564,46544,79939,attack,news,kind,show,nothing,no,media,develop,fill,stop,order,word,me,2022-04-12,trial,right,campaign,how
9760,reality,Port Joe,fight,return,Tammy Stokes,Zavalaborough,1330,computer,1,tend,2021-03-22,2023-10-24,once,hit,there,after,2023-02-26,2022-03-18,well,2020-10-08,2023-04-11,possible,technology,2025-01-02,Jeffrey Hernandez,Kristin Robertson DDS,season,situation,expert,Aprilside,same,676BXY,follow,cost,from,there,mention,rise,resource,green,2942,67701,9555,rule,run,without,body,ago,laugh,environmental,couple,need,evening,room,home,analysis,2021-11-24,race,moment,increase,medical
2987,campaign,Bakerberg,generation,soon,Victoria Wells,Port Michelle,88X 202,water,3,interesting,2021-05-12,2022-12-09,turn,your,degree,whose,2021-02-14,2021-02-18,rest,2020-09-01,2020-09-11,available,current,2022-04-26,Katherine Holland,Sarah Jackson,sound,give,these,New Mary,short,IOP5025,near,better,man,maybe,per,card,kid,develop,6461,6943,59974,store,which,music,happy,national,break,very,base,mother,keep,even,family,attack,2020-07-10,range,situation,account,street
1092,floor,Moodyport,check,seven,Ashley Martinez,West Anthonybury,023 CKG,moment,4,drop,2024-11-27,2024-08-07,parent,involve,several,dog,2023-03-22,2021-09-25,lot,2025-04-08,2024-01-27,language,opportunity,2021-04-01,Robert Coleman,David Larson,change,describe,option,Carolynfort,yard,MHM 947,beyond,collection,artist,else,represent,save,man,who,6000,58792,70763,few,game,everybody,raise,show,Mr,place,toward,economic,want,beautiful,commercial,like,2023-05-17,especially,few,although,sister
6244,ahead,Bennettmouth,your,dinner,Kristin Reyes,Lake Stacyburgh,217J0,purpose,5,space,2020-02-13,2021-10-22,center,card,fight,serious,2021-07-23,2024-05-27,south,2022-03-29,2024-08-03,site,notice,2023-08-08,Kevin Figueroa DDS,Heidi Lawson,everyone,can,protect,East Amyview,drive,6YN S85,themselves,author,adult,society,situation,public,easy,worry,8615,42749,55219,student,center,change,image,side,affect,event,sometimes,win,father,everyone,young,floor,2022-04-27,politics,near,continue,necessary
6423,history,Port Christopher,simply,benefit,William Thomas,Emmaborough,QSJ-4443,glass,1,less,2021-01-19,2021-03-25,how,spend,role,degree,2025-04-06,2020-06-16,detail,2022-10-09,2024-08-17,fund,lose,2024-04-16,Jenna West,Christine Wells,authority,baby,floor,Arthurmouth,big,JRK 062,policy,some,authority,exactly,western,white,who,lead,6064,63758,47788,drop,concern,war,staff,fish,radio,movie,capital,strategy,though,bag,similar,camera,2022-02-02,box,rather,short,American
5040,order,Rossstad,ball,pick,Marie Potter,West Derekstad,8W 04556,movie,2,protect,2024-02-28,2024-07-26,response,front,air,tend,2022-12-29,2024-03-17,from,2024-04-03,2023-03-11,consider,receive,2022-07-23,Roger Rogers,Timothy Shepherd,need,within,police,Harperton,though,6861 WN,officer,energy,arm,research,security,language,finally,decide,1541,4149,83040,cover,other,end,sport,job,off,him,commercial,view,property,case,father,price,2024-03-22,glass,his,mean,huge
8879,face,Powersborough,attention,situation,Jonathan Estrada,East Jasonstad,008-XFJR,high,1,start,2020-01-20,2023-09-11,attack,book,successful,my,2024-07-21,2021-11-03,between,2024-10-27,2021-06-12,kind,support,2022-07-04,William Jones,Jennifer Richardson,participant,land,network,Mooreville,year,884B,western,key,expect,partner,mind,young,degree,to,4036,98672,40787,class,figure,first,probably,officer,interview,degree,trip,rather,start,great,song,a,2023-09-14,smile,attack,reveal,degree
6274,fund,Port Danielfurt,night,edge,Deanna Sanchez,North Madisonport,2341 VW,all,1,key,2021-07-12,2020-07-28,concern,ten,professional,happy,2024-11-01,2022-12-08,book,2020-11-25,2021-05-06,floor,we,2021-01-15,James Cervantes,Jody Kelley,together,type,give,South Raymond,less,3EV2292,exist,court,debate,exactly,off,key,writer,action,2612,24846,76095,maybe,little,will,hear,until,nation,car,this,investment,born,hear,newspaper,enjoy,2022-10-17,eye,could,fine,beat
4521,board,South Lisafort,agreement,some,Stephanie Fischer,Bateshaven,XHB-986,break,1,test,2021-02-19,2021-02-11,white,low,create,discover,2022-10-20,2024-06-16,true,2023-07-03,2021-04-07,drop,here,2025-04-09,Gregory Cummings,Roger Franklin,southern,instead,life,Elizabethshire,energy,254LRG,hour,truth,Mrs,happen,police,hundred,half,establish,2683,44550,22342,seek,increase,product,road,above,avoid,cost,wife,politics,reality,indicate,claim,modern,2024-10-18,give,similar,support,decide
1644,hold,Leslieburgh,simply,remain,Matthew Stokes,West Jennifer,0HFP 31,stand,1,term,2024-05-09,2022-12-28,never,food,join,skill,2023-11-18,2022-02-17,argue,2022-04-09,2023-03-12,attack,heart,2020-08-07,Joshua Marquez,Samuel Perry,business,tend,southern,North Charlesshire,either,7YM6135,treat,send,director,rather,where,anyone,across,item,9203,40092,63676,institution,staff,somebody,then,decision,no,military,character,player,until,must,commercial,available,2025-01-04,guy,five,happy,from
6927,shake,Michaelmouth,drug,news,Lori Williams,East Brendafurt,ZUV 727,explain,4,organization,2022-07-14,2025-02-02,suffer,though,opportunity,finally,2024-10-20,2024-07-12,box,2022-08-12,2023-06-27,also,spend,2021-04-24,Michelle Brown,Timothy Harrison,if,himself,create,Juliestad,live,58GV7,power,if,address,star,such,improve,then,physical,7384,2381,28704,memory,no,right,run,give,front,team,to,include,majority,miss,region,music,2024-02-22,in,pretty,mind,peace
6461,off,West Steven,north,person,Megan Fernandez,East Lynn,9-V3647,eat,2,outside,2023-05-06,2023-01-17,choice,amount,imagine,white,2021-12-13,2022-01-17,everybody,2021-08-23,2022-05-31,great,measure,2020-09-06,Calvin Owens,James Gregory,memory,parent,big,East Sarahton,great,F47-85O,partner,question,business,style,sort,best,prevent,step,1589,30587,96532,race,difficult,daughter,religious,film,college,along,there,best,exist,discuss,girl,southern,2021-10-28,picture,artist,song,tough
4939,should,East Joshua,huge,impact,Tyler Anderson,Lisastad,AEQ 606,government,3,course,2020-01-03,2021-11-25,to,five,consider,up,2022-07-26,2021-05-17,foreign,2020-03-18,2020-09-29,take,nothing,2020-10-23,Monica Washington,Angela Rojas,image,would,nor,West Jasminechester,general,4Y V9225,energy,but,ability,art,maybe,to,investment,human,6230,14418,7948,people,again,reason,red,son,the,weight,technology,stop,Congress,may,party,against,2024-04-27,herself,his,subject,hear
1619,message,Hollychester,measure,himself,Kimberly Hodges,Barrettport,940 BQM,key,4,field,2021-08-25,2023-05-22,type,issue,daughter,truth,2021-04-17,2021-08-27,matter,2022-10-07,2020-11-15,it,it,2023-01-02,Catherine Salinas,Katie Lewis,stage,process,perform,Lake Nicoleberg,keep,0YBE 00,despite,sit,just,out,on,imagine,just,never,8164,27765,8179,western,executive,stay,continue,finish,trade,wife,artist,third,stand,certainly,sea,Congress,2023-03-28,center,each,recognize,fight
9470,plan,New Raven,at,campaign,Courtney Foley,Lake Jenniferchester,VLB-792,south,3,trade,2024-10-12,2024-06-29,stop,add,election,full,2024-10-24,2020-05-21,minute,2021-08-21,2024-08-07,method,fear,2023-05-13,Jacob Dennis,Barry Stephens,free,represent,animal,Heatherchester,better,ZSE 509,bar,by,wait,already,international,really,say,century,4570,74082,28669,space,across,free,finally,east,attorney,drug,under,whether,power,once,daughter,war,2024-02-04,power,down,Congress,guess
3625,staff,Garciamouth,firm,conference,John Patton,Carsonport,4-D5688,policy,2,great,2024-12-20,2023-06-19,political,environmental,serve,live,2020-06-02,2021-09-13,guess,2024-07-08,2022-01-27,stuff,training,2021-02-14,Michelle Yates,Mary Fry,protect,any,standard,Ritterborough,moment,ZRA 441,wind,law,ball,enough,somebody,although,wonder,police,5990,33843,41728,account,see,important,answer,idea,administration,feel,product,herself,direction,especially,often,better,2020-09-07,live,history,partner,style
5095,gas,Deniseview,five,tax,William Gilbert,Washingtonmouth,WZ 1929,fast,4,pressure,2020-10-08,2020-08-13,many,magazine,give,research,2025-02-24,2024-06-03,school,2024-01-10,2024-02-02,address,night,2023-09-16,Robert Dunn,Andrew Harris,book,dog,theory,Lake Andrew,enjoy,6-9058G,Democrat,consumer,onto,population,star,program,condition,foot,1764,22048,79601,money,reduce,baby,accept,spend,evening,miss,coach,establish,maintain,whom,Congress,able,2024-06-14,break,investment,administration,bank
5867,federal,Lewischester,season,wear,Alicia Trujillo,Williamsville,BCD6135,argue,3,class,2020-08-23,2021-12-04,population,purpose,American,treatment,2024-09-01,2021-12-30,generation,2024-01-22,2024-08-11,water,bring,2024-10-27,Amanda Thompson,Erik Brooks,both,job,TV,South Kaitlyn,wife,KNQ-1252,fill,shoulder,late,or,should,however,stuff,painting,6316,5502,20553,think,light,author,arm,describe,service,fight,teacher,gun,might,well,receive,coach,2024-10-20,good,marriage,bad,top
6478,event,Lake Stacy,hotel,drug,Mary Gonzalez,West Kerrihaven,EZZ-056,every,2,enjoy,2022-02-05,2020-03-03,everyone,energy,receive,property,2022-12-23,2023-12-30,claim,2022-06-03,2022-07-21,street,onto,2024-01-19,Kathryn Moon,John Palmer,most,above,agent,Morganmouth,career,124 FV6,move,long,generation,good,believe,same,them,world,8565,595,96162,who,respond,wait,area,run,art,question,almost,society,rather,goal,old,necessary,2021-12-25,company,trip,bank,occur
8164,process,West Michaelland,only,research,Mr. Christopher Anderson,West Michaelchester,HV9 7823,stock,5,glass,2022-08-01,2023-01-21,food,other,deal,letter,2021-08-06,2023-02-13,somebody,2023-02-23,2024-05-17,trial,throughout,2022-12-06,David Garcia,Louis Powell,seek,consumer,very,New Wendy,reason,MT-6437,nor,often,floor,receive,point,skill,contain,mention,7385,73882,73944,team,build,effect,money,film,plant,adult,into,traditional,government,over,foot,community,2023-05-05,baby,director,tough,possible
2862,establish,Johnsonside,table,sign,Thomas Mccoy,Jordanfort,802 ZTD,beyond,1,paper,2024-08-26,2020-05-17,military,without,four,yeah,2025-05-01,2023-06-27,though,2023-05-05,2020-08-28,natural,that,2020-08-25,Carolyn Gregory,Jennifer Lee,mouth,none,four,South Josephberg,stuff,8DUP 20,tax,prepare,skin,lead,well,house,seat,wide,4023,97253,42677,thought,its,billion,expert,door,way,hotel,put,student,culture,myself,wear,none,2023-05-16,left,official,last,cut
7704,experience,Jessicamouth,yet,house,Kristin Moreno,Port Kevin,QLM 7180,turn,5,play,2024-06-18,2024-02-27,weight,home,TV,anything,2020-02-16,2023-03-28,you,2023-08-28,2024-04-04,air,cover,2021-05-31,William Wagner,Gary Garcia,real,article,tree,Castroland,society,7TM5084,several,if,southern,able,dinner,statement,describe,ok,1993,44833,2680,main,the,north,owner,air,back,agent,often,usually,something,I,various,fire,2022-10-29,let,see,manager,and
7442,over,South Kevin,big,before,George Bryant,Meaganfurt,3HD 263,dog,3,push,2022-01-01,2020-09-09,rest,lay,want,enough,2021-10-15,2024-08-26,really,2021-09-25,2021-08-04,down,although,2023-04-04,Melissa Green,Marilyn Baker,value,start,dinner,New Danielbury,live,7J PN209,skin,maintain,significant,son,this,him,list,bill,2451,18766,29496,although,according,like,style,name,table,certainly,speech,thus,speak,population,second,stay,2021-10-11,character,assume,point,plan
2778,role,Michealberg,floor,similar,Kathleen Wilson,Port Mark,2FJ63,authority,2,range,2022-04-25,2021-06-15,discussion,manage,describe,off,2020-04-26,2023-04-03,before,2023-10-12,2020-06-10,treatment,organization,2022-02-09,Steven Webb,James Harding,west,capital,song,Donaldshire,situation,MCV 545,old,pick,small,employee,few,position,toward,however,2548,3796,82640,power,work,activity,above,city,idea,specific,meet,discuss,tonight,time,American,do,2023-04-27,miss,local,model,could
7416,none,Richardshaven,relationship,city,Natasha Arnold,Chelseashire,818 FDJ,media,2,school,2020-04-18,2021-02-09,impact,value,foreign,near,2021-03-14,2023-08-18,down,2022-11-10,2022-07-01,message,account,2022-02-14,Samantha Dean,Susan Mendoza,all,toward,half,South Keith,term,34C 261,evidence,worry,return,know,west,your,environmental,nice,8498,89000,91890,maybe,where,adult,realize,article,simply,explain,dark,them,skin,because,strategy,politics,2022-11-11,ever,follow,agree,ago
3868,husband,East Nicole,be,plant,Joseph Walton,New Christopher,G78 3DQ,include,3,imagine,2020-08-01,2021-07-17,another,work,population,simply,2023-04-26,2022-09-18,work,2023-02-15,2024-11-02,bit,ten,2022-09-08,Michael Mccoy,Carrie Stout,none,peace,yes,East Michelle,action,3098 WR,place,red,school,list,standard,choice,yourself,son,3700,56335,18664,son,me,foreign,ahead,parent,campaign,public,three,reveal,skill,authority,continue,economic,2023-01-01,police,treatment,leg,study
1226,want,Port Matthew,form,discussion,Alicia Taylor PhD,Melissamouth,68-TS58,prepare,5,think,2023-06-11,2021-06-11,long,action,energy,personal,2024-11-11,2022-04-06,student,2025-02-17,2022-05-02,example,four,2022-03-05,Chris Tran,Steven Ali,gun,where,spend,Pamelaside,move,7-39862,article,oil,relationship,later,six,baby,TV,guess,8979,98376,98773,white,attention,room,lay,address,us,price,history,beat,partner,view,lot,surface,2020-03-14,base,record,painting,simply
8976,wonder,Brianachester,wall,long,Sheryl Stevens,New David,379 3125,either,4,or,2023-06-04,2021-12-04,page,level,notice,energy,2023-11-10,2020-08-05,above,2021-12-22,2025-05-04,until,finish,2025-04-17,Amanda Wilson,Alicia Valencia,risk,go,need,Lake David,where,1VY2119,Mrs,increase,quickly,hit,line,bad,long,official,1298,75158,1596,night,society,teacher,arrive,indicate,we,great,indicate,soldier,my,tell,popular,evening,2022-09-13,author,interesting,when,while
3830,stage,Sheltonborough,memory,who,Zachary Ortega,Smithport,ITZ-897,will,2,image,2023-03-02,2022-10-02,example,start,shoulder,fire,2024-10-25,2020-08-29,structure,2020-06-27,2024-12-08,country,especially,2024-12-31,Brandon Brandt,Martha Moore,clear,others,western,New Tiffany,adult,RFE2339,likely,newspaper,color,involve,character,top,ever,understand,5684,32685,65821,voice,around,month,our,support,always,or,early,finish,require,day,great,claim,2025-02-16,people,indeed,whether,standard
4075,improve,Lake Linda,treatment,response,David Martin,Bentonborough,54TT278,somebody,2,late,2021-02-26,2022-04-10,son,coach,according,yes,2021-09-07,2020-10-03,ball,2023-12-25,2025-01-31,ten,investment,2024-12-18,Matthew Armstrong,Jesse Duncan,use,under,police,Port Vanessahaven,marriage,AOQ-6435,low,measure,matter,seek,color,hope,join,consider,4232,30491,96171,budget,head,improve,save,and,process,player,recent,trade,they,health,view,though,2025-03-05,more,discuss,draw,they
2103,born,Kennethview,time,attack,Deborah Wallace,New Taraton,KCC 637,attack,2,event,2025-01-29,2021-12-13,offer,try,picture,role,2022-11-23,2020-07-22,fine,2024-11-14,2021-07-05,truth,activity,2023-05-03,John Griffin,Kristen Gross,deep,local,seek,Julieside,spend,689 1VV,film,animal,together,include,already,rise,long,behavior,2772,8288,77492,administration,start,family,customer,national,or,process,but,talk,teach,relationship,down,change,2021-09-28,later,once,worry,party
9708,structure,North Kristimouth,build,decade,Nichole Cox,Donaldfurt,JJI 327,sound,3,minute,2020-06-12,2024-10-21,account,imagine,price,article,2024-12-17,2021-10-10,others,2024-12-30,2024-04-26,growth,population,2021-06-05,Maria Holloway DDS,Dr. Sheila Hansen DDS,material,shoulder,spend,Rowebury,in,8RW P81,own,carry,information,quite,on,anyone,would,thought,7531,31660,57118,determine,book,firm,dark,condition,firm,exist,rather,unit,arm,return,network,compare,2023-01-29,soon,floor,shake,recently
5110,you,Patriciaberg,lead,defense,Melissa Hardy,Shelbyborough,8QZ T70,between,5,them,2020-09-12,2021-07-11,cover,whether,three,really,2024-06-18,2022-03-19,in,2020-05-03,2022-12-15,guy,imagine,2021-08-04,Robert Little,Rachel Smith,trade,expert,hour,North Elizabethmouth,challenge,WTC-9416,stuff,college,explain,result,although,anyone,ground,generation,2614,25039,77014,talk,consumer,show,television,student,type,form,red,buy,their,old,dog,ahead,2021-03-29,set,stock,several,number
1568,or,Laurenshire,measure,continue,Joel Gill,Patrickfort,4T035,probably,2,article,2025-02-24,2020-04-03,system,really,front,country,2020-07-02,2021-09-21,vote,2021-05-26,2024-01-11,animal,health,2024-02-05,Damon Cooper,Deborah Martin,room,miss,change,New Patricia,painting,95R MS6,plant,garden,actually,simply,indeed,away,sing,site,9872,79616,34339,value,thing,different,reality,morning,defense,those,town,and,what,employee,morning,well,2024-03-06,street,now,data,quite
6621,between,Lake Michelehaven,scientist,president,Jeremy Bradford,Port Peterberg,4EU3810,image,2,month,2022-05-22,2023-08-04,song,budget,door,support,2025-03-08,2020-03-06,start,2023-12-12,2025-04-01,media,song,2020-01-28,Emily Weaver,Kayla Galvan,positive,agency,list,Gilesberg,themselves,9DT0797,voice,impact,data,area,actually,hope,finish,right,4815,11000,48362,place,until,pattern,remember,water,day,month,born,likely,charge,rule,different,budget,2022-12-26,black,stock,station,front
6493,wear,West Carlosport,a,great,Anthony Turner,New Scott,6892,room,2,painting,2022-07-19,2021-05-04,because,college,sound,north,2020-05-02,2024-08-26,city,2021-08-03,2020-09-23,camera,heavy,2024-06-12,Kristen Edwards,John Valenzuela,might,what,fact,East Priscillahaven,remain,IAZ8813,heavy,four,chance,concern,personal,recent,operation,American,1072,64281,27632,similar,with,join,line,try,let,detail,yourself,relationship,ago,lay,most,film,2022-12-09,lot,let,church,military
7616,apply,South Teresa,fund,figure,Richard Dixon,Port Brian,106 VIJ,environmental,3,gun,2020-11-27,2020-04-25,stock,effect,move,west,2023-11-15,2024-11-18,its,2020-11-03,2023-07-20,food,maybe,2023-02-21,Jessica Everett,Sabrina Perkins,pay,by,organization,Shortport,must,802 9447,but,energy,good,part,pass,use,play,perhaps,4945,64459,67251,total,sort,discuss,consumer,month,deal,church,industry,try,explain,then,in,last,2024-10-19,suffer,alone,per,program
2608,hold,Aprilbury,world,fire,Michael Jacobs,West Tonya,RWR 482,popular,5,institution,2023-10-16,2021-06-21,run,start,family,watch,2024-10-21,2022-10-08,land,2022-07-09,2024-07-17,Republican,analysis,2023-07-07,Julie Wilkerson,Jeremy Rogers,choose,treatment,buy,North Joshua,month,037OMC,article,style,author,he,do,yourself,Mr,choose,5955,30489,77650,as,service,page,fish,fall,store,mission,sister,wall,month,still,situation,many,2024-02-28,rule,Congress,skill,hear
3633,right,East Jasonborough,company,with,Jessica Howard,Cartermouth,LEV 258,whatever,4,movement,2021-11-05,2022-06-16,each,agreement,study,top,2023-12-06,2022-07-22,hundred,2022-10-28,2022-10-30,if,reduce,2022-08-16,John Flowers,Michele Wilson,color,upon,itself,Port Travis,performance,933-DYC,hour,rule,suggest,tend,culture,set,able,war,3282,31647,53644,leave,present,sing,seat,fly,think,economic,rock,summer,information,finish,cause,sometimes,2022-01-06,focus,we,live,serious
2708,none,Lesliestad,cut,Congress,Samuel Rice,Port Joshua,B29 0HW,much,4,help,2022-10-23,2022-03-15,contain,control,number,themselves,2025-04-22,2021-08-31,window,2021-07-21,2023-04-08,fine,pattern,2024-01-03,Tammy Simmons,Karen Mcpherson,bill,development,author,North Ryanstad,staff,921 KHO,your,former,our,one,heavy,wonder,decision,rise,6227,88017,74137,security,get,they,past,well,maybe,language,course,management,woman,national,security,similar,2023-01-01,than,him,power,professor
3875,spring,Reidchester,cold,full,Veronica Huff,New Jameston,8QR51,difficult,2,health,2023-01-19,2021-08-07,indicate,tough,no,try,2020-09-18,2022-09-18,difficult,2024-06-20,2022-05-31,far,spend,2024-10-11,Anthony Freeman,Sheryl Clay,area,late,increase,Josephfurt,month,893YOI,perhaps,suffer,media,more,ten,work,training,election,6335,98927,64861,speak,class,west,those,trade,place,half,mean,much,behind,only,stay,billion,2022-07-27,might,last,project,citizen
6507,expert,Deborahview,entire,large,Terri Fitzpatrick,Leefort,898 8DE,team,4,group,2022-03-19,2021-06-27,society,contain,but,cold,2024-08-29,2020-08-26,able,2024-12-26,2022-01-13,leader,item,2023-08-20,Justin Patterson,David Mendoza,sing,quickly,standard,North Wyattview,minute,IDP 457,the,message,field,director,citizen,father,world,size,2976,94486,90252,film,never,wife,full,inside,we,itself,article,stage,dream,each,evening,among,2022-01-13,herself,staff,ground,four
2253,detail,East Ricardomouth,eat,receive,Justin Jones,New Teresafurt,641-DVA,responsibility,2,gun,2020-07-29,2025-01-13,suffer,happy,few,near,2025-01-29,2024-01-03,also,2023-12-28,2022-09-10,everything,nothing,2022-01-05,Rebecca Rocha,Jonathan Perez,happen,nice,structure,Higginsberg,save,L51-84Z,society,seven,would,some,anyone,professor,culture,sport,6720,64719,39211,hundred,group,player,part,high,girl,particularly,miss,however,region,city,baby,about,2021-10-02,experience,executive,special,decade
8872,everything,Lake Shannon,issue,series,Elizabeth Phillips,Jonathanmouth,8-79748,still,5,there,2023-04-28,2021-10-04,mission,garden,knowledge,particular,2022-09-05,2020-09-03,paper,2020-09-21,2024-10-15,positive,like,2020-08-20,Dana Dean,Duane Robinson,bar,bed,knowledge,North Maria,wall,9-S4556,one,evening,expert,system,allow,model,top,near,8232,28793,36487,store,recognize,hour,to,daughter,color,pick,action,class,within,father,line,free,2024-12-10,once,nice,myself,able
4714,language,Whiteheadton,be,fire,Ashley Brown,West Kennethmouth,1511 UK,home,3,cost,2025-04-06,2025-02-02,sing,try,total,top,2020-11-23,2020-05-10,woman,2020-07-27,2022-03-15,season,budget,2020-07-11,Jeffrey Cobb,Catherine Johnson,establish,always,common,Port Gabrielleburgh,cell,023 FME,mission,range,stock,mission,fast,student,by,war,1886,12507,89825,catch,model,receive,answer,smile,manage,base,concern,key,ok,ten,phone,president,2024-06-30,enter,notice,wear,same
8615,suggest,West Sherri,source,nearly,Dustin Donaldson,West Brett,LEB 696,decade,4,American,2024-04-22,2024-01-03,break,available,lay,make,2020-11-18,2022-05-11,happen,2022-11-21,2022-11-25,research,every,2025-01-06,Beth Aguirre,Tami Ortiz,do,answer,beat,South Bryan,information,79WW2,against,case,watch,bag,wear,range,rock,if,1103,47071,44980,attorney,protect,number,fly,before,behavior,way,ability,better,apply,scientist,political,nature,2024-08-14,seem,clearly,task,treatment
2226,customer,South Zacharybury,several,government,Anthony Young,Lake Roberthaven,054-OWI,public,3,land,2023-11-10,2024-08-08,job,environment,but,property,2023-08-03,2023-04-23,run,2025-02-18,2021-05-07,rise,at,2024-03-12,Lisa Johns,Nancy Williams,election,he,car,Leechester,go,AU 71637,deep,teach,why,often,her,phone,art,challenge,3625,20994,81370,cover,a,prevent,her,ahead,plan,need,upon,thus,blue,friend,spring,beat,2024-02-17,court,wrong,know,believe
5997,job,Ortizside,process,shake,Andrew Lucero,South Jill,138JY,fish,3,town,2024-09-01,2023-04-07,technology,politics,view,coach,2022-12-14,2023-10-31,it,2020-06-05,2021-01-24,show,miss,2024-03-05,Christina Roberts,Michael Wilson,piece,mind,yet,West Ashleychester,leg,ELQ-6282,community,candidate,address,candidate,model,give,her,herself,6793,89871,90030,lead,particular,catch,before,southern,keep,resource,soon,politics,subject,professional,center,cultural,2025-02-12,weight,live,future,thing
2366,ahead,Aliceland,dream,perform,Peter Huynh,Port Amanda,FU-7844,sport,3,general,2025-01-21,2020-10-08,seem,life,buy,actually,2020-04-22,2023-10-01,fish,2023-03-22,2022-03-12,simply,style,2020-06-07,Karen Spears,Devin Hoffman,hotel,sea,hear,North Jeannemouth,magazine,85-XI69,south,determine,city,first,car,rest,memory,theory,7171,93211,55709,recently,until,many,before,recently,example,itself,chair,most,bad,today,expect,include,2024-01-27,bank,establish,development,treatment
7476,table,Port Tanya,within,knowledge,Eric Duncan,Figueroafurt,4G 93517,fine,4,medical,2025-01-13,2021-04-09,than,or,loss,current,2022-04-18,2023-08-09,song,2022-05-02,2024-06-10,participant,executive,2023-11-04,Jennifer Mitchell,Kyle Cox,list,end,up,Paulside,forward,7BF A01,food,American,take,role,usually,pay,might,class,8230,22052,95675,win,within,least,establish,raise,citizen,occur,player,cause,win,produce,near,fear,2020-04-16,yard,similar,order,indeed
8915,feel,West Jack,me,natural,Dawn Riddle,Parrishfurt,SXB W92,very,5,simple,2024-05-04,2022-01-08,through,son,ask,science,2021-07-28,2022-06-17,public,2020-10-03,2022-07-01,sign,road,2020-03-04,Heather Mcgrath,Billy Smith,in,quality,company,Feliciaberg,any,NWZ-6072,possible,professor,store,Republican,sound,Mr,admit,cold,2639,10913,34717,toward,memory,see,entire,heart,eat,young,end,eight,somebody,table,performance,stand,2023-05-15,group,entire,high,away
7650,court,Lake Martha,opportunity,employee,Anthony Alexander,Montesmouth,124016,interesting,1,century,2020-05-02,2024-01-31,summer,reveal,still,outside,2023-12-16,2022-10-25,tonight,2023-01-02,2023-11-15,nor,week,2022-02-07,Laura Wilson,Eric Gaines,area,war,level,Goodwinview,spring,42M R14,painting,I,collection,lawyer,enough,people,officer,development,8903,23403,43335,enjoy,here,body,successful,choice,result,alone,property,outside,main,theory,according,measure,2020-09-08,position,likely,weight,cold
6507,expert,Deborahview,entire,large,Terri Fitzpatrick,Leefort,898 8DE,team,4,group,2022-03-19,2021-06-27,society,contain,but,cold,2024-08-29,2020-08-26,able,2024-12-26,2022-01-13,leader,item,2023-08-20,Justin Patterson,David Mendoza,sing,quickly,standard,North Wyattview,minute,IDP 457,the,message,field,director,citizen,father,world,size,2976,94486,90252,film,never,wife,full,inside,we,itself,article,stage,dream,each,evening,among,2022-01-13,herself,staff,ground,four
9387,recently,East Amandaton,skin,go,Karen Jones,Danielside,AJ1 2828,herself,3,short,2021-03-16,2023-10-23,game,kind,admit,doctor,2021-10-31,2024-04-06,imagine,2020-08-02,2024-01-07,entire,throw,2022-05-06,Felicia Anderson,Andrew Dorsey,necessary,he,foot,Wrightmouth,agreement,CRJ-5689,window,walk,trouble,century,material,threat,necessary,its,8932,48819,28323,itself,water,various,age,raise,brother,news,traditional,oil,prove,attention,system,party,2022-10-14,something,school,white,research
3207,wife,Lake Jenny,physical,strategy,Kirk Schwartz,Jonestown,2RB3866,school,3,protect,2020-09-21,2024-06-29,sit,behind,response,story,2021-01-21,2020-12-19,cover,2021-03-18,2021-01-30,our,someone,2022-10-09,Andrew Mcdonald,Vanessa Colon,create,hand,effort,West Sharonmouth,organization,PJY 672,little,wife,president,capital,like,reason,result,stay,8931,77678,61842,computer,artist,see,bit,scientist,number,enter,house,available,age,many,idea,new,2023-02-08,any,another,baby,truth
9949,him,Hannahstad,practice,easy,Lisa Gates,Lake Alejandra,HBP 598,son,3,several,2020-08-11,2022-02-28,national,case,quickly,rock,2023-06-12,2020-03-01,dog,2020-09-12,2022-02-04,book,camera,2023-08-03,Emily Ward,Alisha Hicks,probably,perform,trip,North Eileenhaven,various,7B 44257,your,effect,past,example,majority,old,measure,truth,8764,558,52466,sound,discover,various,someone,think,career,term,either,look,media,or,general,season,2024-05-10,skill,bill,hospital,newspaper
4285,report,Katherinefort,black,population,Keith Morton,East Christopherport,6S 0G1AGW,together,5,record,2022-08-07,2024-06-20,focus,choice,store,group,2024-05-25,2021-11-13,role,2023-08-28,2024-03-10,fear,range,2023-07-31,Kimberly Navarro,Tammy Miranda,feel,war,benefit,New Brittany,mean,D35 4BK,set,or,anyone,stock,sense,candidate,now,like,6171,1283,70012,compare,tend,behavior,them,general,art,east,form,wonder,picture,almost,together,or,2024-01-10,college,on,quite,agent
3034,draw,Priceville,suddenly,watch,Christina Burgess,Mariamouth,8CX9875,western,2,indicate,2021-01-29,2023-06-26,notice,condition,you,establish,2021-03-07,2021-12-15,ability,2020-06-12,2023-01-16,go,better,2023-12-15,Tracy Jones,Kyle Lane,card,character,citizen,Jamiestad,major,M22-54V,trial,hit,central,teacher,prepare,condition,face,small,9531,36678,13539,official,senior,say,spring,painting,end,blood,suddenly,poor,growth,idea,provide,a,2021-04-21,charge,either,chance,work
5040,order,Rossstad,ball,pick,Marie Potter,West Derekstad,8W 04556,movie,2,protect,2024-02-28,2024-07-26,response,front,air,tend,2022-12-29,2024-03-17,from,2024-04-03,2023-03-11,consider,receive,2022-07-23,Roger Rogers,Timothy Shepherd,need,within,police,Harperton,though,6861 WN,officer,energy,arm,research,security,language,finally,decide,1541,4149,83040,cover,other,end,sport,job,off,him,commercial,view,property,case,father,price,2024-03-22,glass,his,mean,huge
8969,wear,Warrenmouth,open,job,Amy Lee,Steintown,KTA P74,recently,4,population,2024-09-04,2024-01-06,left,husband,story,happy,2023-08-20,2020-09-03,together,2020-07-17,2024-03-25,hit,senior,2024-09-20,Ashley Brown,Miguel Torres,military,concern,model,New Lorraineport,these,MSF 543,simply,assume,visit,remain,minute,key,particularly,sometimes,7186,24726,89348,peace,store,create,describe,religious,media,thank,foot,who,arrive,tree,training,worry,2023-03-05,else,each,significant,safe
6752,knowledge,West Johnside,however,watch,Vanessa Gutierrez,West Travisburgh,6-1988M,never,4,staff,2022-12-27,2023-06-04,nature,finally,man,outside,2024-03-21,2020-03-06,offer,2021-03-02,2023-10-08,father,enter,2024-06-08,Andrew Chen,Hayley Greene,possible,interesting,challenge,East Jennifer,rock,317-VCV,federal,year,than,prove,move,about,third,source,8293,83190,43876,list,own,military,soon,population,point,forget,well,degree,beat,wear,partner,compare,2020-02-10,middle,present,leave,wait
9691,personal,Riggsstad,food,morning,Jennifer Morales,North Danielchester,FID 539,capital,3,hospital,2023-11-03,2022-08-14,poor,action,treatment,green,2025-03-08,2023-11-30,administration,2020-06-10,2021-07-21,must,common,2023-12-13,Margaret Cameron,Stephanie Stewart,relate,strategy,music,Lake Alexandra,real,D91-LQR,official,player,mother,believe,sport,thank,view,support,5263,96626,36068,bar,place,carry,senior,evidence,write,treat,able,around,college,carry,wife,trouble,2022-07-13,as,open,power,of
7298,staff,New Carolynville,leader,impact,Amanda Kidd DVM,South Carolyn,757-OGS,off,2,four,2024-01-12,2023-12-10,do,job,public,public,2025-04-26,2021-09-06,past,2022-03-30,2021-07-24,discuss,serve,2021-09-28,Steven Kemp Jr.,Barbara King,people,thousand,me,Valeriechester,consider,83-JV06,how,most,red,how,indeed,and,fast,more,6002,69713,58025,leader,traditional,language,feel,whether,more,design,maintain,consumer,section,form,blue,network,2024-01-16,successful,possible,rather,step
4436,decision,South Angelaside,husband,throughout,Ashley Taylor,Chelseaview,163 WBL,day,5,thank,2021-07-19,2023-07-28,because,firm,article,against,2021-02-21,2022-08-18,reality,2020-12-19,2022-07-06,exist,executive,2020-04-01,Steven Evans,Dr. Sally Spencer,our,than,quite,Port Juan,economic,238 BAE,ahead,season,place,deal,drive,often,surface,tonight,6438,72159,10416,film,early,chance,tell,international,case,huge,look,entire,none,leader,building,total,2022-01-29,someone,role,window,pattern
2588,wall,Elizabethport,test,arrive,Jennifer Hernandez,East Jennifer,490-688,perform,4,activity,2020-08-15,2021-02-09,foot,keep,wish,bit,2021-10-27,2020-02-28,Republican,2023-04-29,2025-04-07,clear,wonder,2020-11-18,Bobby Lee,Kim Wright,newspaper,enjoy,conference,Gordonside,together,HYL 398,watch,fire,I,imagine,technology,mother,organization,edge,8642,86077,41105,involve,center,day,some,fill,collection,notice,education,rock,stop,spring,wish,myself,2024-10-10,risk,research,far,firm
1343,choice,Christinemouth,store,never,Nicholas Jackson,North Krista,330 WXE,claim,1,eat,2020-09-05,2024-01-31,level,city,interesting,finally,2022-05-08,2021-02-16,investment,2020-01-04,2020-10-11,stock,impact,2021-08-18,Rodney Swanson,Lindsey Walker,traditional,drug,amount,Phillipsberg,build,79M J88,high,much,research,never,others,forget,nice,century,2205,43922,97903,stay,matter,share,reason,game,black,garden,cup,task,detail,last,individual,similar,2022-01-10,customer,star,among,market
5753,appear,Gordonbury,thought,film,Mathew Richards,East Waynemouth,49B MU8,staff,4,compare,2021-05-25,2020-04-22,thousand,benefit,should,place,2024-08-20,2024-10-20,tough,2021-01-08,2020-04-11,sea,admit,2022-07-07,Curtis Gonzalez,Levi Romero Jr.,somebody,tell,teacher,West Whitneyshire,day,JFX3331,stay,authority,reality,ground,year,everything,wait,series,2623,37213,87511,entire,may,loss,continue,section,social,major,claim,pull,behavior,indicate,audience,occur,2023-03-27,threat,place,him,even
6628,leg,Bauerchester,might,prevent,George Conway,Katherineborough,EUR 523,stock,5,property,2021-04-27,2023-08-11,free,anything,offer,strong,2020-06-26,2024-04-02,against,2021-02-08,2022-02-26,their,catch,2020-03-07,Susan Hernandez,Todd Mcmillan,easy,morning,property,Morganburgh,thing,341 6LQ,security,new,computer,paper,term,financial,hear,each,8706,68619,50814,month,quality,others,decision,wish,reality,pattern,factor,usually,computer,listen,police,may,2024-07-22,win,my,individual,special
7704,experience,Jessicamouth,yet,house,Kristin Moreno,Port Kevin,QLM 7180,turn,5,play,2024-06-18,2024-02-27,weight,home,TV,anything,2020-02-16,2023-03-28,you,2023-08-28,2024-04-04,air,cover,2021-05-31,William Wagner,Gary Garcia,real,article,tree,Castroland,society,7TM5084,several,if,southern,able,dinner,statement,describe,ok,1993,44833,2680,main,the,north,owner,air,back,agent,often,usually,something,I,various,fire,2022-10-29,let,see,manager,and
4780,population,Humphreyton,go,card,Jamie Landry,North Juliachester,92-44086,though,5,court,2025-02-14,2023-12-14,successful,remain,fall,well,2020-10-13,2020-07-15,receive,2023-04-19,2023-10-23,mention,agree,2025-03-15,Ronald Wood,Jennifer Mcintosh,friend,until,foot,Christophertown,care,12-2568W,professor,growth,hospital,source,challenge,manager,ground,peace,2940,39946,18282,although,second,reason,pass,smile,fall,resource,live,result,south,out,upon,watch,2023-04-28,certainly,ground,provide,all
7021,high,Garciafurt,piece,because,Tara Gordon,South Christinetown,Z25-MSX,Democrat,2,hope,2024-06-15,2020-10-17,trial,sell,catch,most,2021-12-05,2023-07-15,culture,2023-04-06,2024-03-15,process,say,2025-03-27,Sandra Simpson,Matthew Case,different,future,positive,Angelabury,before,HSQ 650,age,style,how,share,her,challenge,window,beyond,5102,746,82609,rich,pressure,majority,space,truth,its,answer,message,growth,thousand,save,than,collection,2024-12-04,until,mind,easy,enough
7650,court,Lake Martha,opportunity,employee,Anthony Alexander,Montesmouth,124016,interesting,1,century,2020-05-02,2024-01-31,summer,reveal,still,outside,2023-12-16,2022-10-25,tonight,2023-01-02,2023-11-15,nor,week,2022-02-07,Laura Wilson,Eric Gaines,area,war,level,Goodwinview,spring,42M R14,painting,I,collection,lawyer,enough,people,officer,development,8903,23403,43335,enjoy,here,body,successful,choice,result,alone,property,outside,main,theory,according,measure,2020-09-08,position,likely,weight,cold
1405,how,East Danielle,want,fire,Rachel Wilson,Port Russellville,401 XZ1,week,5,respond,2023-05-25,2022-12-25,fact,eight,live,hand,2024-11-30,2023-10-21,standard,2023-01-17,2024-07-20,gun,series,2022-03-06,Christopher Bradshaw,Richard Flores,per,seven,three,Lake Emily,behind,VNQ9125,brother,than,while,mention,matter,even,test,buy,8429,39915,73075,trouble,gas,fly,blue,traditional,dark,success,form,glass,give,blood,look,down,2022-08-26,property,fire,movie,former
6493,wear,West Carlosport,a,great,Anthony Turner,New Scott,6892,room,2,painting,2022-07-19,2021-05-04,because,college,sound,north,2020-05-02,2024-08-26,city,2021-08-03,2020-09-23,camera,heavy,2024-06-12,Kristen Edwards,John Valenzuela,might,what,fact,East Priscillahaven,remain,IAZ8813,heavy,four,chance,concern,personal,recent,operation,American,1072,64281,27632,similar,with,join,line,try,let,detail,yourself,relationship,ago,lay,most,film,2022-12-09,lot,let,church,military
4209,so,South Anna,remain,hotel,George Collins,Lake Tyler,NCR-344,program,5,write,2021-06-02,2021-09-16,discussion,down,just,ahead,2025-02-09,2022-01-17,opportunity,2021-10-06,2020-09-25,pull,probably,2020-04-12,Benjamin Bennett,Patricia Tapia,top,individual,mission,Thomasland,him,1NHZ 07,environmental,institution,quickly,amount,government,bed,learn,door,6256,78337,72357,environmental,like,fish,really,red,rise,piece,report,at,according,quality,last,Mrs,2022-11-17,language,common,song,money
1527,nearly,North Dakotatown,think,reveal,Joshua Mccormick,Caitlinberg,N11 4WA,cause,1,movie,2021-08-25,2023-12-19,somebody,around,politics,change,2021-10-06,2022-03-26,employee,2021-04-19,2023-08-17,blood,effort,2021-07-07,Patrick Grant,Ms. Hannah Pugh,store,before,letter,South Darrellmouth,pattern,LDE 067,sing,carry,force,peace,dinner,station,kitchen,tend,9317,35475,51165,fill,upon,international,guess,feel,prove,Republican,north,hundred,health,truth,exist,clearly,2024-03-06,offer,senior,real,party
1226,want,Port Matthew,form,discussion,Alicia Taylor PhD,Melissamouth,68-TS58,prepare,5,think,2023-06-11,2021-06-11,long,action,energy,personal,2024-11-11,2022-04-06,student,2025-02-17,2022-05-02,example,four,2022-03-05,Chris Tran,Steven Ali,gun,where,spend,Pamelaside,move,7-39862,article,oil,relationship,later,six,baby,TV,guess,8979,98376,98773,white,attention,room,lay,address,us,price,history,beat,partner,view,lot,surface,2020-03-14,base,record,painting,simply
7784,only,Millerborough,economic,professional,Clifford Martinez,Brianchester,N75 1QZ,old,4,answer,2022-01-08,2023-04-09,point,minute,begin,none,2022-01-30,2023-03-17,maintain,2021-10-18,2023-04-05,alone,fall,2024-01-19,Anita Wells,Jasmine Johnson,keep,whose,bad,Judithhaven,agree,403 QLA,away,reality,left,who,item,relate,concern,mean,8286,38063,20735,late,never,own,white,able,system,western,whose,kind,truth,head,environmental,street,2022-04-07,deep,experience,style,adult
7873,job,North Jared,somebody,property,Beverly Johnson,Gonzalezville,TCX Q85,ago,1,cost,2022-06-11,2020-09-24,explain,from,these,course,2024-02-12,2020-07-01,receive,2024-01-30,2021-04-26,too,pay,2020-07-20,Laurie Jacobs,Tony Oconnor,stage,enough,again,East Ryan,great,451-IEU,attack,put,sing,one,reflect,tough,event,investment,3323,85854,57434,only,people,use,stand,piece,many,heart,common,item,central,economic,increase,computer,2021-08-18,might,late,region,church
9387,recently,East Amandaton,skin,go,Karen Jones,Danielside,AJ1 2828,herself,3,short,2021-03-16,2023-10-23,game,kind,admit,doctor,2021-10-31,2024-04-06,imagine,2020-08-02,2024-01-07,entire,throw,2022-05-06,Felicia Anderson,Andrew Dorsey,necessary,he,foot,Wrightmouth,agreement,CRJ-5689,window,walk,trouble,century,material,threat,necessary,its,8932,48819,28323,itself,water,various,age,raise,brother,news,traditional,oil,prove,attention,system,party,2022-10-14,something,school,white,research
1527,nearly,North Dakotatown,think,reveal,Joshua Mccormick,Caitlinberg,N11 4WA,cause,1,movie,2021-08-25,2023-12-19,somebody,around,politics,change,2021-10-06,2022-03-26,employee,2021-04-19,2023-08-17,blood,effort,2021-07-07,Patrick Grant,Ms. Hannah Pugh,store,before,letter,South Darrellmouth,pattern,LDE 067,sing,carry,force,peace,dinner,station,kitchen,tend,9317,35475,51165,fill,upon,international,guess,feel,prove,Republican,north,hundred,health,truth,exist,clearly,2024-03-06,offer,senior,real,party
9546,camera,Ramirezborough,husband,call,Rachel Smith,Salinasshire,3DX 193,about,3,wait,2024-05-01,2022-10-20,simple,throw,such,add,2021-06-09,2021-04-01,book,2024-08-14,2022-01-05,these,son,2021-04-08,William Kennedy,Kristin Rodriguez,while,artist,raise,Nelsonborough,break,HYG 473,these,data,protect,budget,worry,common,range,thousand,9356,61583,40286,thing,marriage,artist,gas,military,president,rest,lead,account,join,build,history,control,2021-10-04,reflect,somebody,add,together
7616,apply,South Teresa,fund,figure,Richard Dixon,Port Brian,106 VIJ,environmental,3,gun,2020-11-27,2020-04-25,stock,effect,move,west,2023-11-15,2024-11-18,its,2020-11-03,2023-07-20,food,maybe,2023-02-21,Jessica Everett,Sabrina Perkins,pay,by,organization,Shortport,must,802 9447,but,energy,good,part,pass,use,play,perhaps,4945,64459,67251,total,sort,discuss,consumer,month,deal,church,industry,try,explain,then,in,last,2024-10-19,suffer,alone,per,program
4209,so,South Anna,remain,hotel,George Collins,Lake Tyler,NCR-344,program,5,write,2021-06-02,2021-09-16,discussion,down,just,ahead,2025-02-09,2022-01-17,opportunity,2021-10-06,2020-09-25,pull,probably,2020-04-12,Benjamin Bennett,Patricia Tapia,top,individual,mission,Thomasland,him,1NHZ 07,environmental,institution,quickly,amount,government,bed,learn,door,6256,78337,72357,environmental,like,fish,really,red,rise,piece,report,at,according,quality,last,Mrs,2022-11-17,language,common,song,money
2987,campaign,Bakerberg,generation,soon,Victoria Wells,Port Michelle,88X 202,water,3,interesting,2021-05-12,2022-12-09,turn,your,degree,whose,2021-02-14,2021-02-18,rest,2020-09-01,2020-09-11,available,current,2022-04-26,Katherine Holland,Sarah Jackson,sound,give,these,New Mary,short,IOP5025,near,better,man,maybe,per,card,kid,develop,6461,6943,59974,store,which,music,happy,national,break,very,base,mother,keep,even,family,attack,2020-07-10,range,situation,account,street
7442,over,South Kevin,big,before,George Bryant,Meaganfurt,3HD 263,dog,3,push,2022-01-01,2020-09-09,rest,lay,want,enough,2021-10-15,2024-08-26,really,2021-09-25,2021-08-04,down,although,2023-04-04,Melissa Green,Marilyn Baker,value,start,dinner,New Danielbury,live,7J PN209,skin,maintain,significant,son,this,him,list,bill,2451,18766,29496,although,according,like,style,name,table,certainly,speech,thus,speak,population,second,stay,2021-10-11,character,assume,point,plan
2536,describe,East Michael,month,contain,Karen Lozano,East Annaburgh,524-SPF,public,2,or,2023-06-01,2020-10-27,blue,start,space,far,2023-07-03,2020-12-05,hour,2022-03-25,2020-07-20,themselves,government,2022-08-13,James Robinson,Douglas Larson,property,environment,memory,New Charlesside,for,863-VQA,mouth,suffer,social,theory,choice,show,majority,option,3886,89247,21679,stop,not,always,point,artist,air,customer,before,piece,million,whatever,heavy,product,2022-02-23,citizen,what,know,thought
3281,author,West Abigail,present,century,Gina Perry PhD,Chandlerstad,305 FRO,good,3,building,2021-07-21,2023-08-31,just,quality,on,they,2021-09-14,2023-12-04,do,2023-05-07,2023-12-08,commercial,voice,2023-12-23,Kathleen Brooks,Todd Pacheco,sense,reveal,may,Kyleberg,culture,R77-PER,back,soldier,start,clearly,figure,class,product,standard,5715,96996,14808,those,outside,now,light,law,continue,large,next,where,service,call,later,spring,2024-06-15,cup,pattern,impact,teacher
4147,reduce,Lestershire,reduce,address,Karen Wilkerson,North Lorettaview,7SM7098,want,4,lot,2022-03-19,2024-07-22,direction,day,billion,situation,2023-01-09,2023-08-22,word,2020-06-17,2021-12-27,all,strategy,2020-04-13,Frances Tucker,James Gutierrez,start,point,bar,New Eric,each,004 SIJ,enough,cut,morning,performance,subject,the,least,couple,4709,88268,13642,security,walk,attack,often,for,green,best,ball,pay,research,modern,significant,loss,2021-12-21,movement,easy,spring,tree
5040,order,Rossstad,ball,pick,Marie Potter,West Derekstad,8W 04556,movie,2,protect,2024-02-28,2024-07-26,response,front,air,tend,2022-12-29,2024-03-17,from,2024-04-03,2023-03-11,consider,receive,2022-07-23,Roger Rogers,Timothy Shepherd,need,within,police,Harperton,though,6861 WN,officer,energy,arm,research,security,language,finally,decide,1541,4149,83040,cover,other,end,sport,job,off,him,commercial,view,property,case,father,price,2024-03-22,glass,his,mean,huge
9323,special,South Allisonstad,huge,attorney,Andrew Estrada,New Melissa,39J 2225,rather,1,public,2023-10-09,2025-04-13,enjoy,risk,visit,large,2022-08-01,2020-01-31,wide,2021-05-08,2020-08-26,speak,above,2024-02-24,Christina Lucas,Reginald Robertson,maybe,anything,back,New Davebury,low,3-16818,term,never,chair,ever,Mr,ever,old,until,5184,33117,55172,suggest,large,quality,land,far,attack,policy,would,example,experience,media,want,use,2023-10-01,turn,month,among,grow
