NUMESINI,CODNATSI,NUMPOLICE,DATESURV,ASSURESP,LIEUSINI,CODEINTE,INTERMEDIAIRE,ASSURE,IMMATRICULATION_ASSURE,DATE_OUVERTURE,DATE_CLOTURE,USER_CLOTURE,CODEGARA,MNT_RESERVE,MNT_REGLEMENT,MOTIF
143134,bit,ask,2021-10-30,Trevor Salazar Jr.,memory,4913,Meyer Ltd,Pamela Young,QXL-773,2021-03-01,2024-09-02,degree,1739,8614,14432,each
476256,table,task,2022-06-20,Daniel Foster,pay,8738,"Harmon, Stevenson and Taylor",Justin Hicks,6U 4D3GMK,2023-11-18,2022-07-27,guess,7729,14810,66068,up
183476,serious,talk,2022-04-29,David Cantu,feeling,2211,Strong Inc,Jennifer Liu,FZC C99,2024-05-08,2021-04-04,mention,7083,44593,55762,research
498774,half,none,2023-05-11,Justin Wells,many,1402,Mcdaniel-Sharp,Jasmine Curtis,7PJ13,2024-01-28,2025-05-05,deal,4499,88763,82500,begin
103433,approach,miss,2023-10-26,Dylan Ruiz,third,1778,Mathews Group,Kevin Deleon,9-31049,2021-03-15,2024-10-19,investment,3402,17256,85391,strategy
274878,specific,water,2021-10-09,Cody Burgess,he,1356,Brown-Hernandez,Gregory Harris,608 9FI,2021-08-29,2023-12-28,reduce,5724,25187,6093,deep
338434,forward,brother,2023-01-17,Hannah Carter,building,9346,Simmons-Simpson,Margaret Brown,509 JKA,2021-05-31,2022-09-13,ever,1317,72272,79513,wall
210553,along,three,2024-10-13,Carlos Morris,suddenly,4735,Harrell-Parker,Jonathan Hayes,LPC-5876,2024-12-31,2024-01-05,past,4515,82168,73033,two
580390,reason,official,2023-07-18,Michael Hicks,nothing,5892,Hawkins and Sons,Dr. Erin Ellis,2TE68,2021-11-07,2022-01-31,executive,9409,54348,5625,relate
414672,employee,happen,2022-10-13,James Miller,someone,7664,Rodriguez-Gomez,Kelsey Mack,300LA,2024-06-03,2022-10-07,method,6148,82381,13154,bag
162310,mention,source,2023-04-09,Sheila Walker,involve,3436,Allen-Mckee,Devin Roman,1IE6596,2021-02-28,2023-05-09,Mr,7381,15493,14151,a
228516,brother,sit,2020-06-23,Meghan Manning,unit,4070,Ortega-Gonzalez,Nancy Jackson,5NN9414,2022-03-20,2021-03-21,impact,8797,63085,91793,size
853137,assume,type,2024-09-10,Gary Rios,draw,4309,"Ayers, Thomas and Wilson",Debra Rodriguez,C75 5CY,2024-07-03,2020-09-07,that,8883,97165,40177,beyond
346834,human,national,2021-04-28,Joseph Paul,energy,7121,Valenzuela PLC,Marilyn Gallegos,85TA8,2020-01-28,2024-07-23,we,5209,82015,98526,game
372928,agent,third,2023-06-17,Sonya Bell,city,4764,Rodriguez-Richmond,Karen Ortiz,678 CMA,2024-10-17,2022-12-20,director,3562,59398,56195,party
208721,thought,pressure,2023-03-03,Kimberly Gray,short,3455,Sparks and Sons,Matthew Brock,BUU-738,2022-04-02,2021-01-21,marriage,7238,31550,13631,kitchen
721746,his,who,2021-05-04,Daniel Hartman,worry,2489,"Thompson, Neal and Miles",Eileen Stark,166C0,2020-06-21,2022-03-12,effect,2455,37690,60770,car
157048,difference,again,2023-09-22,Mitchell Ware,course,6129,King Inc,Thomas Richards,581T6,2023-08-14,2022-09-27,line,4259,55248,56616,alone
995659,hour,purpose,2024-08-13,Diane George,as,4795,Avery PLC,Robert King,RYO B46,2024-10-28,2020-08-12,task,6516,22961,5282,idea
994610,require,discussion,2023-02-02,Louis Wells,field,7975,Wilson-Watkins,Stephen Yates,YJS O86,2020-08-12,2023-05-18,face,2008,49524,9040,look
992916,drug,race,2022-12-09,Kevin Austin,list,9903,Alexander-White,Lauren Rodriguez,CVW-007,2020-05-28,2021-05-28,see,8127,4532,84747,shake
209573,challenge,high,2022-10-28,Steven Phelps,hotel,5178,Harrington LLC,Noah Ramirez,9WIE 80,2024-12-15,2021-11-03,see,6802,48069,62277,rest
614322,often,challenge,2021-01-12,Jason Hall,federal,9095,Byrd-Kelly,Jamie Anderson,195-639,2020-04-10,2022-06-27,much,3538,8918,73768,man
681989,business,nation,2024-04-29,Michael Salinas,certain,3400,"Walsh, Moses and Buchanan",Christine Campbell,3ZPM 44,2022-07-24,2021-01-12,oil,7519,22989,78580,compare
287802,exactly,thing,2021-05-02,Joseph Douglas,writer,1402,Andersen Ltd,Zachary Rogers,KXN-8316,2023-12-19,2023-03-24,much,5982,31036,4601,seat
687775,cell,over,2021-02-13,Leah Perry,feel,3428,"Moreno, Prince and Maxwell",Glenn Burns,535 0992,2023-03-08,2021-04-09,sort,8704,38402,71788,wife
122067,maybe,story,2023-08-20,Jonathon Allen,he,2142,Nguyen Group,Melissa Mason,52-1777W,2020-09-08,2024-10-02,ever,8434,37525,82831,past
442218,use,arrive,2023-08-22,John Wood,alone,4814,Miller-Kelly,Barbara Lam,283-552,2024-05-18,2025-03-15,situation,6228,9593,79638,base
272110,husband,civil,2025-02-08,Mark Reese,just,6404,Montgomery-Sims,Cathy Murillo,328TPA,2025-04-27,2022-02-02,lead,2805,95928,32763,least
434273,sing,buy,2020-08-14,Paul Jordan,person,7343,"Howard, Lambert and Mccarthy",Ms. Pamela Contreras DDS,7I 76184,2021-12-17,2023-12-15,seek,2281,85856,45170,night
111801,building,girl,2022-06-08,James Moss,late,2725,Cox-Brown,Ryan Bowen,56A 992,2024-05-28,2020-11-15,deep,7270,4320,20120,attorney
514312,yard,industry,2023-08-30,Christopher Williams,doctor,5311,Howard-Boyd,Caroline West,224039,2023-04-18,2020-04-04,anyone,7956,35513,78277,couple
729770,claim,your,2025-02-12,Teresa Owens,must,8438,"Holmes, Williams and Ramirez",Kelly Ortiz,33-61575,2021-02-17,2020-04-20,catch,9171,11750,52566,around
136995,store,thank,2023-06-06,Lisa Mcclain,author,8723,Lewis-Porter,Rebecca Chung,4WA D54,2024-08-20,2020-07-13,tough,6090,49745,44066,focus
121752,Democrat,attorney,2020-08-05,Erica Lewis,little,4162,Kaufman-Sharp,Michael Bailey,215 3BQ,2025-01-22,2020-12-17,again,5614,59865,36215,member
956197,perhaps,then,2020-08-14,Jamie Harris,personal,2449,"Stewart, Mcclain and Howard",Brittany Mitchell,WYA 666,2024-08-04,2023-12-26,western,9076,41664,16321,life
711703,whose,wide,2023-09-05,Victoria Dawson,population,1669,"Vargas, Robinson and Montoya",Olivia Harmon,335U,2021-09-07,2023-12-03,life,1417,18431,32211,face
199943,decide,cause,2021-03-21,James Robinson,open,3274,Jefferson-Hall,James Davis,4OD1035,2020-06-04,2024-08-13,protect,4950,67046,74476,hair
658400,be,board,2021-03-30,Melissa Nelson,end,2514,Smith Group,Matthew Wright,6X888,2024-07-18,2024-04-23,bad,9515,69393,56479,alone
273071,simple,sometimes,2022-05-20,Kayla Bonilla,language,9425,Rogers Ltd,Mallory Estes,CXC-4135,2023-05-16,2024-02-18,someone,9725,58135,7349,give
697853,course,weight,2021-10-09,Mark Wright,skill,1014,Murphy-Rice,Dennis Farmer,6E 7991M,2023-11-20,2021-08-05,ability,5690,26149,43093,guess
192418,world,lose,2022-02-14,William Wilkins,add,1647,"Russo, Allen and Hawkins",Brenda Woodard,7HK 937,2021-12-28,2022-07-10,Mrs,3654,76241,16720,share
202262,contain,note,2024-08-20,Lisa Smith,item,1828,Bradley-Wilson,Heather Fisher,07AG018,2025-04-17,2020-10-27,maybe,8966,32326,33947,toward
163414,soldier,turn,2023-07-30,Kyle Joyce,it,3419,Silva LLC,Kaitlyn Johnson,LKA 863,2020-02-15,2022-10-08,control,9243,31913,83794,oil
562285,future,good,2024-02-02,William Williams,project,8016,Martinez LLC,Darrell Armstrong,09JD803,2022-07-25,2023-03-25,describe,1864,1587,44293,consider
128419,when,relationship,2022-01-01,Erin Johnson,me,3993,Miller LLC,Brian Parks,150-QVRY,2024-02-24,2023-01-30,attention,7429,64190,79605,ago
847951,argue,few,2024-09-21,Paul Garcia,answer,2211,"Conner, Bryant and Mccarthy",Robert Shaffer,650 GFS,2024-07-06,2020-01-15,man,4007,44415,22543,child
784376,then,process,2021-03-13,Karen Mitchell,firm,3449,Middleton and Sons,Charlene Logan,C 985102,2024-10-29,2024-08-25,reach,3376,18587,20481,gun
620056,require,measure,2021-04-08,John Ross,ok,8434,Rodriguez LLC,Emily Blair,683-ESL,2021-08-24,2024-05-09,song,5878,87291,15975,certainly
323191,upon,game,2022-07-16,Rebecca Chan,heavy,6293,"Dean, Snyder and Henry",Mark Townsend,RJ 7153,2021-04-29,2021-02-02,tend,8244,74741,27931,investment
573021,measure,who,2023-01-29,Dr. Erica Myers,professional,6626,Harrison and Sons,Brian Jones,EGP 298,2024-05-30,2023-03-27,read,9475,58889,74412,work
604382,western,material,2023-07-07,Kevin Simpson,about,3881,Campbell LLC,Kaylee Pena,002 2GM,2022-10-09,2020-07-09,us,1158,75440,80551,story
516968,move,score,2025-05-04,Matthew Edwards,authority,3983,"Diaz, Farrell and Morrison",Allison Zimmerman,883FF,2025-03-27,2020-02-22,new,9941,4097,18273,event
367037,policy,audience,2023-03-16,Ashley Reed,beautiful,8166,"Hunter, Ramos and Ruiz",Jason Jordan,AJA-796,2021-06-28,2025-02-15,should,7606,84359,41822,century
444070,owner,team,2020-09-02,Rhonda Watkins,effort,4266,Johnson-Long,Jennifer Stone,S89 6IS,2024-03-23,2024-05-19,history,7686,36297,2886,together
283596,eat,seven,2025-02-28,Michael Parker,more,5529,Johns-Lopez,Michael Walton,JI5 I9J,2022-02-17,2023-03-27,approach,6476,23224,36571,decade
902669,land,sign,2023-12-30,Sara Sanchez,her,5851,Wells PLC,Hannah Williams,3P 9746R,2023-03-16,2025-01-10,affect,9923,92577,10676,actually
410488,wind,edge,2020-01-28,Alison James,member,2886,Russell-Rivas,Daniel Gonzalez,VUG-0453,2022-09-29,2024-05-04,administration,1309,2489,46159,health
319258,who,join,2023-05-20,Paige Fleming,century,7491,Montgomery-Ramos,Jon Simpson,P 636276,2023-09-17,2023-02-20,it,7947,76470,11155,try
980764,politics,test,2024-07-17,Mark Perez,six,6497,James Group,Melissa Bautista,KVB-4426,2021-09-25,2024-12-15,pattern,4027,52272,93682,official
348757,than,blue,2021-02-08,Carlos Ferguson,relate,4507,Brown LLC,Lori Mccoy,KQR 268,2021-10-04,2024-10-15,data,6451,20169,74298,do
243205,suddenly,you,2024-01-26,Amber Robles,always,6290,Gross Ltd,Jennifer Ashley,963-328,2020-05-12,2023-11-08,movie,8630,10612,67565,unit
446163,low,break,2020-05-26,Grace Howard,family,6372,"Rivas, Dudley and Klein",David Russell,8K002,2024-04-28,2024-09-10,herself,2402,23594,60680,professional
315160,national,wonder,2023-10-02,Andrew Wagner,bad,7063,Lee Ltd,Jacob Jones,RGD-468,2025-01-20,2024-02-28,sit,9546,25365,51087,serve
291779,myself,tax,2022-06-26,Carol Gray,use,9027,"Wade, Butler and Barr",Matthew Beard,352-RSE,2023-05-29,2020-12-17,start,5053,51278,48390,professional
216294,magazine,according,2023-08-11,Hailey Freeman DDS,which,3549,Robinson PLC,Karen Sanford,306 MYB,2022-12-18,2022-07-22,training,2290,50045,91776,population
771036,my,group,2021-02-03,Charles Lopez,individual,1312,Peterson-Lowe,Rebecca Schmidt,2RPO 66,2023-07-05,2023-08-26,something,1175,78150,7019,avoid
237402,environment,certainly,2020-07-23,Nicholas Black,often,7795,Moore Ltd,Thomas Miller,4R 08539,2020-02-23,2023-06-09,chair,6846,10271,48666,local
845743,reach,because,2022-04-29,Dana Zamora,prove,6877,"Santos, Harmon and Blankenship",Elizabeth Erickson,7KO3607,2025-01-11,2022-10-30,that,2687,92105,7792,treatment
817980,tax,another,2021-03-07,Sabrina Moyer,some,6601,Reid Inc,Melanie Wilson,DGJ-707,2024-05-24,2020-05-20,develop,6609,42416,23768,assume
670500,offer,goal,2020-04-01,Eric Martin,chair,5013,Ramos PLC,Stephanie James,KKZ 946,2022-06-09,2024-10-10,concern,2483,4321,35187,protect
858035,she,cut,2023-10-19,Robert Brown,fall,4135,Mullen-Ibarra,Mindy Lewis,067-HEW,2021-01-09,2024-01-07,identify,5785,45858,37852,I
901010,sister,increase,2021-05-14,Zachary Davis,big,1454,"Ross, Moore and Rojas",Kevin Hendrix,HRB 177,2022-07-19,2024-12-11,of,8016,21215,24318,admit
520984,exactly,policy,2023-04-09,Luis Berry,place,9256,"Whitaker, Reyes and Patel",Jose Fitzpatrick,93I IB8,2023-09-05,2024-01-31,available,1605,32898,64809,hand
865643,his,improve,2022-06-26,Ian Jefferson,west,2633,Thomas-Walsh,Lisa Nicholson,KSP 017,2025-04-29,2022-10-11,one,1170,61469,15937,month
818188,process,require,2022-08-23,Ashley Bell,sound,7755,Wong LLC,Jenna Gonzalez,124 BY8,2023-07-01,2023-07-06,same,9816,37024,39707,skill
188707,production,respond,2021-05-29,Judy Lynch,school,9547,Martin and Sons,Wendy Brown,98Y V56,2024-07-26,2023-10-16,whose,5137,79529,99592,half
382595,onto,decide,2021-06-11,Kevin Valencia,all,3779,Simpson-Nelson,George Fisher,1PT 814,2022-07-23,2022-05-20,action,9990,74674,71177,approach
383130,challenge,would,2024-07-05,Taylor Burton,talk,4895,Price Ltd,Rebecca Thompson,ILQ 3751,2020-09-25,2023-09-25,middle,3043,76024,24632,decade
408313,clear,star,2023-09-28,Stephanie Lin,theory,1333,Freeman-Torres,Tiffany Sanchez,072 4ZT,2023-07-12,2020-01-05,become,8613,80012,86995,coach
897257,watch,quite,2022-04-09,Julie Roberts,mouth,3887,"Davidson, Neal and Weaver",Juan Griffith,388 2JM,2023-02-14,2020-05-27,purpose,3087,14388,32165,lot
406611,wall,prove,2021-05-08,Derrick Castillo,hotel,8777,"Rodriguez, Wilkerson and Stevens",Aaron Fox,750 GNB,2021-04-03,2023-03-24,people,7396,53453,57488,meet
851535,business,food,2022-04-13,Carolyn Snyder,be,9384,"Choi, Williams and Costa",Rebecca Wilkerson,GCF-999,2020-11-25,2020-03-02,yeah,2513,34929,64986,president
460212,service,interview,2021-02-14,Mark Chan,might,7762,Greene-Gonzalez,Denise Powers,92E UZ4,2024-11-17,2020-11-22,language,2776,40630,67997,when
481467,through,hotel,2024-09-01,Steven Calderon,join,8326,Benjamin and Sons,Melissa Shaw,588-JYJ,2025-03-22,2021-02-04,or,4524,82047,72163,cost
430726,take,ready,2022-07-26,Kevin Martinez MD,minute,3615,"Zuniga, Hood and Ramos",Jose Michael,IKP 069,2021-11-22,2023-03-06,leader,6694,84131,26973,ready
115343,modern,since,2020-01-21,Lindsay Foster,song,2565,"Scott, Shah and Bailey",Gabrielle Phillips,ZCZ-831,2023-11-05,2023-09-17,everything,4531,37294,56634,ask
260792,crime,huge,2024-06-09,Becky Smith,service,3177,Reynolds LLC,Hannah Spencer,78K E86,2023-06-21,2023-08-11,design,8355,57659,99953,sell
137045,attack,five,2023-04-08,Mary Watkins,four,3997,Silva Ltd,Allison Nelson,ZQT-104,2020-07-05,2023-02-04,short,3404,70208,45441,remain
758091,should,purpose,2020-09-13,Justin Gillespie,with,2765,"Johnson, Baker and Thompson",Mr. James Simpson MD,134 NOT,2023-06-01,2025-05-01,more,4140,5766,53502,girl
770031,everything,stand,2021-08-12,Breanna Jones,office,2263,Heath-Mann,Jose Rivas,QRT-159,2020-03-27,2023-03-26,hold,3806,47750,9090,appear
157168,positive,throw,2021-08-22,Carlos Gonzalez,pattern,8946,Herrera Inc,Lynn Lewis,NBS 164,2025-02-15,2024-02-16,culture,8058,64972,69921,bag
194498,usually,actually,2022-05-27,Michael White,scene,1115,Davenport and Sons,Sabrina Miller,445 IJC,2022-08-01,2024-10-19,service,7288,2876,20823,Congress
908625,deal,back,2024-04-06,John Mendoza,course,1745,"Ali, Finley and Shelton",Elizabeth Jenkins,608-072,2022-02-28,2021-11-18,inside,1107,12580,95238,admit
328263,like,this,2021-09-09,Melissa Tapia,professor,8018,Newman Ltd,Paul Butler,C77-04E,2022-12-06,2021-09-14,world,8448,22722,13595,around
242572,draw,from,2022-04-16,Joseph Gilmore,according,4342,"Hatfield, Williams and Smith",Monique Walker,653I1,2020-06-28,2023-06-12,onto,3402,18170,10099,direction
300706,reduce,eye,2022-04-05,William Brown,dream,2122,Carr PLC,Brittany Powell,OF3 7141,2021-11-15,2020-11-07,lot,4131,41777,48036,black
343532,better,contain,2024-11-25,Jack Adams,seek,3959,Yang-Tanner,Judith Nunez,797-VGI,2024-06-17,2024-03-08,possible,9661,89022,54925,strategy
642223,north,entire,2022-08-05,Gregory Richmond,history,1496,"Higgins, Barron and Cox",Brian Moody,HEJ 755,2021-10-29,2021-03-14,building,3897,60008,90102,game
909543,husband,read,2021-07-24,Dominic Cameron,include,3907,Gilbert LLC,Angela Mercado,788-NUR,2023-01-08,2025-02-17,herself,5680,25075,93335,learn
892249,poor,big,2021-03-10,Trevor Martin,note,5213,"Atkinson, Orozco and Porter",Nicholas Hernandez,ZTY3879,2024-01-19,2020-02-19,create,1548,4954,19620,others
367891,admit,painting,2024-03-01,Michael Cox,part,3225,Villa-Rice,Michael Farmer,60-53630,2021-06-14,2022-09-08,compare,4824,76495,6009,truth
189757,hair,news,2021-01-30,Jonathan Flynn,far,3826,Taylor-Davis,Cynthia Galvan,A35 7VZ,2021-09-25,2020-03-13,environmental,6586,34267,58990,political
525661,carry,science,2025-02-05,Patricia Barnes,decide,9748,Smith Inc,Anthony Taylor,37T HL8,2020-12-02,2024-07-11,baby,6313,7582,35737,face
970422,fill,identify,2020-06-10,Christopher Fisher,government,9463,Myers-Thomas,Jonathan Bishop,122MS,2020-10-22,2022-06-14,happen,8458,63274,24208,soon
960354,use,goal,2023-09-25,Jeffery Rios,believe,6211,"Morris, Sheppard and Smith",Stephanie Bennett,64-P644,2022-03-21,2023-08-31,hand,4785,37182,89382,class
171270,voice,officer,2023-03-07,Lori Porter,show,7239,Lee and Sons,Scott Ferguson,8-I6825,2023-01-23,2020-01-05,voice,9862,12077,60577,painting
531607,yard,nothing,2022-10-09,Erin Shaw,not,4467,"Carpenter, Jacobson and Pena",Dr. Gerald Kirby,ZAT-264,2022-08-22,2024-02-22,star,3821,85045,96893,beautiful
743460,perhaps,amount,2021-01-28,Lisa Smith,how,1338,Murray-Key,Gabrielle Arias,L17 5CK,2021-07-27,2023-02-13,thousand,9743,71722,40366,whether
219747,set,above,2025-02-08,Susan Vasquez,later,9988,"Lewis, Ware and Bridges",Elizabeth Thompson,T 788386,2024-11-19,2021-08-02,wish,7127,77177,30538,glass
223420,at,much,2023-05-31,Tracie Hoffman,western,7667,"Johnson, Bennett and Jones",David Cooley,5-7997S,2022-03-22,2020-05-23,rich,8258,24562,78903,dog
311870,wide,moment,2022-10-09,Jeffrey Barnett,education,6606,White and Sons,Nancy Wolf,KRX 154,2020-12-15,2022-05-05,marriage,8106,65509,45363,teacher
203243,report,however,2021-07-15,Sandra Hall,together,6542,Turner-Foley,Kyle Pham,MJM-5257,2022-12-26,2024-09-20,organization,7899,43184,12472,program
361196,yard,compare,2021-08-06,Michael Phillips,guy,5033,Thomas-Kelly,Angela Myers,6-6974E,2024-09-05,2021-07-07,movie,1110,96529,90938,mouth
861365,tonight,condition,2024-02-23,Lauren Mcbride,charge,2914,Robinson Inc,Katherine Wilson,UBJ 294,2024-10-13,2024-01-27,adult,8664,40593,42352,thought
116090,young,even,2020-05-28,Robert Neal,morning,6369,Kramer Ltd,Johnny Gonzalez,792-SZG,2025-02-01,2020-01-20,song,3587,32502,30231,case
790509,able,black,2020-03-05,Timothy Brown,case,4529,"Clark, Rowland and Thomas",Anna Gray DVM,43-H224,2021-10-27,2022-08-22,issue,5760,96133,45229,certain
784803,which,statement,2024-08-02,Kelly Vasquez,no,6263,Black Group,Carmen Freeman,80-N228,2025-05-05,2022-11-13,the,8079,17965,7774,I
710828,parent,be,2023-06-21,Yolanda Lowe,station,1805,Wiggins-Ray,Olivia Miller,XOM 260,2024-03-03,2020-05-08,customer,1415,17080,99941,lead
884115,enough,their,2025-03-28,Juan Thomas,opportunity,3446,"Vincent, Olson and Reilly",Natalie Stewart,949 OUA,2023-08-22,2023-02-01,meeting,7448,22150,59031,central
184312,it,cultural,2023-01-16,Zachary Hamilton,baby,4307,Rosales-Ortiz,Kimberly Murphy,3T 77356,2020-03-15,2022-12-12,will,2024,62299,31178,turn
955513,actually,form,2022-02-14,Rebecca Clark,for,8798,Hill-Medina,Samuel Mitchell,7S 9332J,2021-09-14,2022-01-29,suggest,3376,60422,52787,across
247433,miss,system,2024-01-22,April Mckinney,interesting,6395,"Jones, Harris and Spencer",Mary Matthews,7I W8932,2023-09-10,2023-04-04,school,1791,30954,85510,everyone
516789,raise,face,2023-07-16,Robert Kramer,race,8995,"Hunter, Taylor and Bradley",Dana Hodges,BJT 138,2020-11-09,2020-07-04,green,8502,31361,63332,treatment
111441,fire,none,2023-01-10,John Monroe,foreign,6090,Ritter-Daniel,Teresa Montes,660 5903,2020-05-05,2021-05-01,few,9503,96394,42347,well
298055,consider,specific,2020-06-21,Jessica Kerr,sometimes,6028,"Murphy, Johnson and Robertson",Kaitlyn Hansen,0TA11,2023-06-20,2022-02-03,service,5436,98495,63912,movie
272597,purpose,fire,2021-06-06,Brett Phillips,election,7049,"Jones, Richards and Gutierrez",Benjamin Reyes,952-NBY,2022-02-09,2020-08-02,end,5634,25806,19126,design
857427,unit,cell,2024-12-04,Keith Knox,expect,4956,"Mcintosh, Forbes and Kirby",Elizabeth Wright,BG4 7257,2024-10-25,2021-05-03,significant,2691,84058,33147,history
101785,move,avoid,2022-04-15,Charles Medina DDS,save,7315,"Wolf, Wang and Russell",David Swanson,3ED J97,2025-05-04,2022-08-28,carry,8904,48522,67994,policy
809312,west,owner,2023-05-16,Joseph Payne MD,another,4446,Mills Inc,Katelyn Keller,510 1462,2021-06-26,2021-07-28,whose,8259,53821,35606,resource
226824,day,though,2024-06-22,Dana Garcia,huge,9318,Hernandez-Olson,Jordan Mckay,Z 230595,2023-09-13,2024-12-25,tough,1444,1443,19183,answer
317626,green,TV,2020-10-21,James Hernandez,paper,8883,Brooks-Torres,Amy Warner,0YD1788,2023-04-14,2024-01-05,population,7171,77284,40372,appear
533491,rise,east,2021-09-16,Timothy Gordon,create,7455,Rodriguez and Sons,Chelsea Jones,24V P26,2022-11-18,2021-01-10,town,5335,43790,70772,once
207401,magazine,set,2020-04-05,Heather Whitney,though,9133,"Clark, Butler and Brown",Julia George,K74 9TY,2023-12-11,2024-09-02,response,6683,89653,42733,magazine
930970,former,real,2023-01-18,Justin Smith,tree,3934,"Sheppard, Hayes and Lopez",Eric Obrien,C79 4DS,2020-10-08,2022-02-28,difficult,4962,34554,89904,dark
495856,treat,radio,2024-03-09,Albert Zimmerman,note,7690,Morgan-Austin,Lisa Owen,08MO8,2020-04-05,2021-03-03,hour,1610,28544,1993,season
426725,many,bring,2022-04-24,Ryan Obrien,I,8839,Powell-Mcdowell,Ronnie Horton,I90-42I,2023-11-27,2024-09-04,lose,6857,41454,47923,member
529146,matter,activity,2023-04-17,David Baird,which,4927,Brown-Vaughn,Darryl Mcdaniel,MND 704,2020-10-13,2020-04-10,about,6342,9869,17872,station
473803,detail,else,2022-02-04,Paul Parker,more,3644,"Morgan, Brown and Villanueva",Elizabeth Shepherd,LTR-3136,2023-03-01,2023-01-20,item,1178,21334,56818,security
716994,she,view,2021-09-02,Gary Hunter,interview,3213,Landry and Sons,Sarah Lee,LZZ 961,2021-11-29,2025-03-17,develop,8776,56122,49235,weight
335415,four,affect,2021-06-01,Jimmy Hill,choice,9525,"Steele, Powell and Kelly",Kyle Cannon,49-08691,2020-02-07,2021-06-05,guess,5151,47567,66247,have
351628,major,final,2022-10-04,Nicole Gonzalez,summer,7720,Cooley-Murray,Patrick Reyes,HNU-0460,2020-07-01,2020-10-04,small,8517,69543,16798,medical
214271,power,cover,2025-03-20,Michelle Martin,board,4495,Huang LLC,Timothy Hill,103-LEZ,2020-12-01,2024-07-27,system,9390,13737,132,line
584105,instead,look,2020-09-19,Martha Daniels,establish,2512,Jones Ltd,Stephanie Lane,ATG-214,2020-06-11,2023-05-24,strong,6502,29184,51652,artist
342117,list,agency,2023-11-20,Carrie Farrell,ever,2745,"James, Rios and Dawson",Andrew Cook,NWI 1821,2020-08-01,2023-04-29,again,7316,58784,66086,have
165701,against,hundred,2024-02-27,Erika Thomas,since,2226,Stout PLC,Matthew Rogers,1ES 190,2023-09-07,2021-05-05,reach,4712,5668,48505,hundred
694689,seek,right,2024-09-25,Jessica Bass,by,8901,Khan Inc,Vincent Elliott,3S D8627,2025-04-25,2022-04-17,our,1785,88716,25127,alone
778087,school,budget,2020-06-25,Mark Smith,page,4426,"Dodson, Hernandez and Hicks",David Gonzalez,34E 6334,2021-02-16,2024-03-03,building,2980,96952,63313,he
575058,lot,case,2022-04-15,Barbara Dalton,work,2610,Brown-Mcguire,Joshua Moore,7LL 475,2024-03-03,2022-06-05,each,5657,21455,29204,factor
498191,statement,their,2025-04-06,Nicholas Powell,break,6826,"Cooper, Martin and Martin",Tina Edwards,8JE 610,2024-02-03,2024-01-02,think,8386,5784,5742,money
169759,commercial,nearly,2022-12-30,Shannon Smith,society,3278,Parrish and Sons,Karen Goodwin,75R PN6,2025-04-19,2022-01-16,sign,3802,51492,37109,ahead
334903,there,yard,2023-03-25,James Rodriguez,produce,7699,"Bush, Powell and Smith",Richard Hall,BEB 8468,2023-11-05,2023-05-27,create,2378,96265,36693,thought
575243,first,should,2022-10-20,Shelley Howell,image,3626,Graves and Sons,Douglas Knight,B12 0KU,2023-03-17,2020-03-11,key,8516,91855,58836,trip
392729,list,statement,2023-02-14,Aaron Horn,finish,6516,Sanders-Le,Alexander Edwards,0L M2633,2024-10-08,2023-10-30,eight,9500,42565,19117,against
215466,soon,myself,2025-03-26,Danny Hernandez,head,7024,Weiss and Sons,Dana Hernandez,4YS45,2024-03-01,2022-07-03,standard,2650,9969,69309,become
288440,yet,spring,2020-07-21,Jill Hull,off,5218,Eaton PLC,Michael Lowe,87-RA49,2020-02-07,2022-02-25,heart,5662,32814,21941,choose
860730,wife,discussion,2024-06-04,Nathaniel Sanchez,hair,8057,"Scott, Smith and Brown",Joel Scott,633-RHQ,2024-08-03,2025-02-11,TV,4111,31262,75606,share
770864,simple,me,2024-12-06,James Alvarez,guess,9823,Perry LLC,Lawrence Benjamin,L03-93U,2021-10-20,2020-11-28,movement,3956,95447,85987,a
533246,oil,newspaper,2021-11-21,Antonio Castillo,Mr,1090,"Hines, Combs and Walsh",Tami Reid,571-YZVV,2023-11-22,2023-03-17,its,3571,5569,82807,tell
155716,base,test,2020-02-20,Daniel Harrison,executive,6282,Hernandez LLC,Gabriella Clark,CPQ 586,2024-07-20,2024-05-05,this,6102,5466,9441,Democrat
446163,low,break,2020-05-26,Grace Howard,family,6372,"Rivas, Dudley and Klein",David Russell,8K002,2024-04-28,2024-09-10,herself,2402,23594,60680,professional
143134,bit,ask,2021-10-30,Trevor Salazar Jr.,memory,4913,Meyer Ltd,Pamela Young,QXL-773,2021-03-01,2024-09-02,degree,1739,8614,14432,each
184312,it,cultural,2023-01-16,Zachary Hamilton,baby,4307,Rosales-Ortiz,Kimberly Murphy,3T 77356,2020-03-15,2022-12-12,will,2024,62299,31178,turn
260792,crime,huge,2024-06-09,Becky Smith,service,3177,Reynolds LLC,Hannah Spencer,78K E86,2023-06-21,2023-08-11,design,8355,57659,99953,sell
909543,husband,read,2021-07-24,Dominic Cameron,include,3907,Gilbert LLC,Angela Mercado,788-NUR,2023-01-08,2025-02-17,herself,5680,25075,93335,learn
342117,list,agency,2023-11-20,Carrie Farrell,ever,2745,"James, Rios and Dawson",Andrew Cook,NWI 1821,2020-08-01,2023-04-29,again,7316,58784,66086,have
242572,draw,from,2022-04-16,Joseph Gilmore,according,4342,"Hatfield, Williams and Smith",Monique Walker,653I1,2020-06-28,2023-06-12,onto,3402,18170,10099,direction
111801,building,girl,2022-06-08,James Moss,late,2725,Cox-Brown,Ryan Bowen,56A 992,2024-05-28,2020-11-15,deep,7270,4320,20120,attorney
902669,land,sign,2023-12-30,Sara Sanchez,her,5851,Wells PLC,Hannah Williams,3P 9746R,2023-03-16,2025-01-10,affect,9923,92577,10676,actually
291779,myself,tax,2022-06-26,Carol Gray,use,9027,"Wade, Butler and Barr",Matthew Beard,352-RSE,2023-05-29,2020-12-17,start,5053,51278,48390,professional
169759,commercial,nearly,2022-12-30,Shannon Smith,society,3278,Parrish and Sons,Karen Goodwin,75R PN6,2025-04-19,2022-01-16,sign,3802,51492,37109,ahead
346834,human,national,2021-04-28,Joseph Paul,energy,7121,Valenzuela PLC,Marilyn Gallegos,85TA8,2020-01-28,2024-07-23,we,5209,82015,98526,game
367037,policy,audience,2023-03-16,Ashley Reed,beautiful,8166,"Hunter, Ramos and Ruiz",Jason Jordan,AJA-796,2021-06-28,2025-02-15,should,7606,84359,41822,century
111441,fire,none,2023-01-10,John Monroe,foreign,6090,Ritter-Daniel,Teresa Montes,660 5903,2020-05-05,2021-05-01,few,9503,96394,42347,well
770031,everything,stand,2021-08-12,Breanna Jones,office,2263,Heath-Mann,Jose Rivas,QRT-159,2020-03-27,2023-03-26,hold,3806,47750,9090,appear
930970,former,real,2023-01-18,Justin Smith,tree,3934,"Sheppard, Hayes and Lopez",Eric Obrien,C79 4DS,2020-10-08,2022-02-28,difficult,4962,34554,89904,dark
865643,his,improve,2022-06-26,Ian Jefferson,west,2633,Thomas-Walsh,Lisa Nicholson,KSP 017,2025-04-29,2022-10-11,one,1170,61469,15937,month
845743,reach,because,2022-04-29,Dana Zamora,prove,6877,"Santos, Harmon and Blankenship",Elizabeth Erickson,7KO3607,2025-01-11,2022-10-30,that,2687,92105,7792,treatment
790509,able,black,2020-03-05,Timothy Brown,case,4529,"Clark, Rowland and Thomas",Anna Gray DVM,43-H224,2021-10-27,2022-08-22,issue,5760,96133,45229,certain
143134,bit,ask,2021-10-30,Trevor Salazar Jr.,memory,4913,Meyer Ltd,Pamela Young,QXL-773,2021-03-01,2024-09-02,degree,1739,8614,14432,each
970422,fill,identify,2020-06-10,Christopher Fisher,government,9463,Myers-Thomas,Jonathan Bishop,122MS,2020-10-22,2022-06-14,happen,8458,63274,24208,soon
520984,exactly,policy,2023-04-09,Luis Berry,place,9256,"Whitaker, Reyes and Patel",Jose Fitzpatrick,93I IB8,2023-09-05,2024-01-31,available,1605,32898,64809,hand
614322,often,challenge,2021-01-12,Jason Hall,federal,9095,Byrd-Kelly,Jamie Anderson,195-639,2020-04-10,2022-06-27,much,3538,8918,73768,man
498191,statement,their,2025-04-06,Nicholas Powell,break,6826,"Cooper, Martin and Martin",Tina Edwards,8JE 610,2024-02-03,2024-01-02,think,8386,5784,5742,money
208721,thought,pressure,2023-03-03,Kimberly Gray,short,3455,Sparks and Sons,Matthew Brock,BUU-738,2022-04-02,2021-01-21,marriage,7238,31550,13631,kitchen
143134,bit,ask,2021-10-30,Trevor Salazar Jr.,memory,4913,Meyer Ltd,Pamela Young,QXL-773,2021-03-01,2024-09-02,degree,1739,8614,14432,each
210553,along,three,2024-10-13,Carlos Morris,suddenly,4735,Harrell-Parker,Jonathan Hayes,LPC-5876,2024-12-31,2024-01-05,past,4515,82168,73033,two
573021,measure,who,2023-01-29,Dr. Erica Myers,professional,6626,Harrison and Sons,Brian Jones,EGP 298,2024-05-30,2023-03-27,read,9475,58889,74412,work
311870,wide,moment,2022-10-09,Jeffrey Barnett,education,6606,White and Sons,Nancy Wolf,KRX 154,2020-12-15,2022-05-05,marriage,8106,65509,45363,teacher
288440,yet,spring,2020-07-21,Jill Hull,off,5218,Eaton PLC,Michael Lowe,87-RA49,2020-02-07,2022-02-25,heart,5662,32814,21941,choose
743460,perhaps,amount,2021-01-28,Lisa Smith,how,1338,Murray-Key,Gabrielle Arias,L17 5CK,2021-07-27,2023-02-13,thousand,9743,71722,40366,whether
334903,there,yard,2023-03-25,James Rodriguez,produce,7699,"Bush, Powell and Smith",Richard Hall,BEB 8468,2023-11-05,2023-05-27,create,2378,96265,36693,thought
128419,when,relationship,2022-01-01,Erin Johnson,me,3993,Miller LLC,Brian Parks,150-QVRY,2024-02-24,2023-01-30,attention,7429,64190,79605,ago
215466,soon,myself,2025-03-26,Danny Hernandez,head,7024,Weiss and Sons,Dana Hernandez,4YS45,2024-03-01,2022-07-03,standard,2650,9969,69309,become
642223,north,entire,2022-08-05,Gregory Richmond,history,1496,"Higgins, Barron and Cox",Brian Moody,HEJ 755,2021-10-29,2021-03-14,building,3897,60008,90102,game
884115,enough,their,2025-03-28,Juan Thomas,opportunity,3446,"Vincent, Olson and Reilly",Natalie Stewart,949 OUA,2023-08-22,2023-02-01,meeting,7448,22150,59031,central
994610,require,discussion,2023-02-02,Louis Wells,field,7975,Wilson-Watkins,Stephen Yates,YJS O86,2020-08-12,2023-05-18,face,2008,49524,9040,look
516968,move,score,2025-05-04,Matthew Edwards,authority,3983,"Diaz, Farrell and Morrison",Allison Zimmerman,883FF,2025-03-27,2020-02-22,new,9941,4097,18273,event
382595,onto,decide,2021-06-11,Kevin Valencia,all,3779,Simpson-Nelson,George Fisher,1PT 814,2022-07-23,2022-05-20,action,9990,74674,71177,approach
716994,she,view,2021-09-02,Gary Hunter,interview,3213,Landry and Sons,Sarah Lee,LZZ 961,2021-11-29,2025-03-17,develop,8776,56122,49235,weight
