NUMESINI,CODNATSI,NUMPOLICE,DATESURV,ASSURESP,LIEUSINI,CODEINTE,INTERMEDIAIRE,ASSURE,IMMATRICULATION_ASSURE,DATE_OUVERTURE,DATE_CLOTURE,DATE_REOUVERTURE,USER_REOUVERTURE,CODEGARA,MNT_RESERVE,MNT_REGLEMENT,MOTIF
880200,idea,center,2024-10-18,Jason Cowan,follow,4125,Kirk-Kennedy,Stephanie Medina,765-989,2020-02-16,2023-02-22,2020-09-30,write,7169,20772,49231,morning
288193,make,six,2020-04-09,Michael Figueroa,it,7676,"Smith, Johnson and Ramirez",Melissa Bradley,GKS 747,2021-06-11,2020-07-01,2024-06-25,learn,8452,43693,32109,tend
402324,receive,low,2024-09-05,Stephanie Patel,poor,6026,"Hanson, Harris and Pineda",Ashley Wilson,IMK 686,2024-07-12,2021-02-28,2021-09-17,charge,7359,97479,29758,policy
361279,middle,guess,2025-01-18,Shelby Arnold,compare,8606,"Butler, Mckee and Lambert",Michael Williams,SLV 134,2022-04-08,2020-01-31,2020-03-25,medical,1127,77401,34686,ago
126101,top,line,2021-06-28,Amy Wood,those,1091,"Tucker, Horn and Garcia",April Garcia,KXE 877,2021-05-14,2020-10-18,2022-11-22,loss,2305,26630,41099,official
952177,follow,debate,2021-09-09,Jordan Adams,turn,8582,Tucker and Sons,Brian Mcpherson,608 ISF,2020-02-01,2022-06-16,2021-04-15,world,3601,69681,28311,strong
817577,movement,must,2023-07-30,Alex Bentley Jr.,box,9176,Booker Ltd,Joseph Warner,244-DZU,2022-09-15,2023-10-18,2022-04-25,high,3397,50263,86436,thought
395673,these,street,2020-08-08,Benjamin Bailey,public,4613,Lee-Blevins,Robin Payne,JP7 0046,2024-08-31,2023-12-16,2024-06-11,manager,2715,68318,42822,money
911822,between,city,2023-12-15,Caitlin Wolfe,control,2186,"Carroll, Campbell and Silva",Jennifer Price,SH-7306,2024-04-04,2021-02-18,2020-11-11,kitchen,9697,77439,48698,say
254331,fly,pick,2022-06-25,Jasmine Lopez,war,1785,Warner-Hatfield,Alison Flores,IRB-897,2020-08-09,2022-06-03,2022-08-04,summer,1642,83761,73750,age
568381,onto,into,2020-10-03,Brett Taylor,know,4779,"Ferguson, Turner and Ballard",Carolyn French,WKW 994,2024-12-29,2024-05-18,2024-01-21,evidence,4746,60933,2419,rock
891900,since,choice,2022-06-29,Robert Davis,trade,3749,Wade-Crane,Samuel Ware,KVZ8505,2020-10-22,2024-09-02,2023-05-14,song,6252,89857,8603,weight
597938,around,store,2020-04-30,Laura Perry,chance,6022,"Townsend, Trujillo and Collins",Ariana Cohen,212-XAY,2024-02-26,2022-05-08,2023-04-21,behind,2825,75655,74316,which
931084,attack,pay,2024-12-26,Martin May,create,8279,Reynolds-Charles,Richard Cox,0-71844V,2022-06-01,2021-11-12,2023-11-17,step,2542,8745,67369,check
463162,great,kitchen,2023-04-16,Christopher Hardin,while,7149,King PLC,Daniel Butler,EPS 916,2020-01-04,2022-09-12,2025-03-28,cost,1808,76103,41124,possible
740972,person,tend,2025-01-15,Juan Wong,since,6350,Gibson-Cook,Duane Pollard,URH0301,2024-12-06,2021-06-07,2022-09-24,join,1375,88556,53294,product
302671,image,time,2024-03-01,Kimberly Oliver,fine,3277,Butler PLC,Pamela Carr,MRM 836,2022-07-17,2022-09-15,2021-06-07,writer,4042,9900,61986,stay
857357,themselves,seat,2024-01-23,Erica Bradley,game,8115,"Maldonado, Gonzalez and Guerra",Dr. Melissa Morris,1NE7567,2023-11-16,2022-04-24,2022-08-14,toward,1558,32643,22601,system
757564,security,option,2023-01-17,Cynthia Bowman,father,7394,Hardy-Garcia,Hector Schaefer,2-0414C,2025-01-18,2021-12-04,2021-06-24,professor,2097,84579,69829,front
647209,coach,no,2024-01-22,Daniel Young,fight,1665,"Newman, Jackson and Floyd",Matthew Rosario,Q54 6WZ,2024-01-31,2023-12-04,2022-01-25,stock,4908,30775,91745,apply
915267,almost,follow,2020-08-05,Kevin Russell,adult,3619,"Donaldson, Travis and Young",Leonard Smith,KTK M39,2022-10-13,2022-10-26,2023-05-07,western,1582,60393,87469,less
605966,soon,outside,2020-01-07,Tina Fisher,interview,3147,Marquez PLC,Shannon Cross,715-INT,2020-01-10,2023-04-20,2020-10-16,less,7908,4787,76557,challenge
393987,training,sport,2023-12-01,Stephen Aguirre,art,3180,Moran-White,Kenneth Parker,N19-54B,2020-08-05,2021-10-20,2020-05-30,can,7893,80470,51145,challenge
165422,cell,family,2020-04-03,Dominique Marsh,page,9314,"Reed, Holt and Campbell",Carlos Anderson,3-73510X,2021-08-27,2022-01-24,2023-03-17,audience,7568,91717,38131,each
291816,care,move,2023-10-01,Paul Benitez,forward,1855,"Walter, Oneal and Hernandez",Haley Thornton,H21-84J,2022-11-20,2024-03-22,2024-11-23,according,6019,43369,81174,plan
583498,form,east,2024-12-03,Audrey Mcbride,tonight,1458,Rodriguez PLC,Dawn Shaw,K98 9LF,2024-07-10,2022-11-24,2024-09-04,thank,5379,59544,46104,official
813046,fact,institution,2022-09-09,William Hancock,set,2657,Kelley-Dorsey,Jamie Rivera,I66-SEA,2024-04-08,2022-08-13,2022-08-17,clear,1497,20817,4817,hot
942942,check,let,2024-09-22,Jay Lopez,listen,1830,"Baker, Munoz and Hines",Cheyenne Parsons,RRN-9988,2022-02-28,2020-01-08,2022-05-15,staff,3184,54596,80813,player
167578,mind,good,2020-09-08,James Hall,debate,2113,Patterson Group,Ashley Garrison,5Y PZ410,2025-04-26,2020-01-07,2024-05-25,none,6997,24494,49791,adult
700283,pressure,type,2021-07-25,Catherine Yates,lead,6638,Villanueva and Sons,Shannon Hernandez,MPD 064,2021-07-12,2022-08-26,2022-06-24,all,2101,29056,57522,either
964910,read,hair,2022-08-24,April Alvarez,growth,9528,Fuller-Cain,Melinda Klein,IZR 945,2023-12-02,2021-02-15,2021-02-23,question,3291,60536,15723,audience
123284,reflect,any,2020-03-05,Melissa Lam,analysis,5633,Chapman and Sons,Troy Cameron,247 HSP,2020-10-01,2020-06-20,2022-09-02,so,6006,67646,65811,money
480852,rule,their,2021-07-22,Thomas Middleton,question,5160,"Morgan, Newman and Meyer",Peter Reyes,OOQ6748,2021-12-28,2022-04-30,2023-09-24,huge,4083,5174,32722,major
871320,assume,range,2022-10-17,Joseph Williams,late,5739,"Anderson, Hunter and Henderson",Darren Roman,800LV,2022-03-12,2023-08-15,2022-01-06,animal,1597,26814,13239,capital
614775,relationship,report,2023-06-20,Kathryn Warner,bring,4030,"Davis, Boone and Vega",Mary Perkins,ZHI 321,2022-04-04,2024-09-23,2024-02-25,ball,8497,56488,358,part
780592,law,response,2022-04-17,Laurie Castro,blue,2577,"Lane, Grant and Hall",Robert Ellis,KIV-765,2021-03-30,2021-02-16,2023-02-25,live,2006,30064,54470,newspaper
608727,garden,decide,2020-03-06,Charles Wood,shake,3805,Hill PLC,Justin Bradley,CFN-035,2023-12-12,2022-07-06,2023-12-04,term,2721,64742,86704,agreement
429991,factor,base,2025-03-28,Joshua Frye,year,1934,"Sherman, Fowler and Garza",Madeline Ortiz,KGO 918,2024-08-06,2021-07-16,2023-08-14,practice,9184,73783,63086,wide
216085,picture,end,2023-03-26,Seth Collins,security,4513,Myers LLC,James Turner,9OT X32,2024-02-19,2023-01-15,2024-03-01,significant,2768,43504,10212,suffer
608885,appear,middle,2023-05-28,John Lee,feeling,6906,"Frey, Miller and Johnson",Frank Freeman,QKD4533,2024-04-13,2024-12-15,2020-11-25,professional,1144,4709,46593,rise
480740,own,generation,2024-01-15,Dr. Michael Williams,dog,6947,Taylor Group,Samantha Taylor,54HK698,2024-07-30,2024-04-08,2022-09-21,police,3538,83476,19373,say
923065,protect,process,2022-10-16,David Hill,when,5497,Gomez Group,Cassandra Levy,IPG 428,2024-08-20,2020-06-14,2020-07-28,trial,5407,58335,55384,teacher
431985,involve,throughout,2024-06-24,Kara Moore,task,5437,Dixon LLC,Sophia Herring,320928,2021-11-12,2020-11-02,2020-10-23,hospital,5806,66731,20319,account
508269,organization,son,2021-03-18,Michael Jones,effect,3364,"Grant, Sanchez and Mcdonald",George Meyers,792 KQY,2023-11-25,2021-08-01,2024-10-23,once,6106,10340,38847,sister
507221,very,lead,2021-02-14,Daniel Edwards,building,8815,Butler-Sutton,Susan Simmons,480HTM,2021-05-12,2021-04-03,2020-06-29,treatment,8543,47097,83529,six
172326,they,like,2021-06-21,Regina Young,voice,3264,Waters-Morgan,David Adams,HA9 3335,2022-02-26,2021-06-27,2021-08-07,quality,5478,94314,40673,sign
806436,material,adult,2020-04-27,Crystal Smith,discover,5474,Waters Ltd,Anthony Mercer,091GSX,2020-07-04,2024-04-21,2020-12-25,course,2956,60016,97502,dinner
661115,accept,east,2023-12-26,Dustin Smith,all,6028,Mccormick LLC,Gregory Reese,516 1FF,2020-06-25,2024-05-06,2021-01-21,dark,9780,66953,31513,good
943720,realize,try,2025-03-26,Sean Torres,away,4005,Graham-Hill,Michael Tyler,424-DKZ,2020-03-15,2021-12-17,2024-11-10,film,7402,4716,52522,social
758400,edge,data,2023-02-06,Frank Erickson,word,1741,Allen Group,Patricia Goodman,00N 7456,2025-02-11,2021-04-07,2022-11-20,break,1892,20421,66609,still
664293,again,feeling,2022-08-21,Dr. Jacob Robinson,theory,7037,Armstrong-Lee,Anna Clark,789 LRI,2021-07-14,2021-10-02,2022-06-08,along,8286,41114,69143,public
137372,property,and,2023-12-23,Mark Ewing,girl,1408,White-Mercer,Angela Arias,HBP 518,2023-11-17,2023-10-07,2024-05-17,early,5565,76826,66191,this
875765,already,international,2024-03-24,Paul Collins,subject,4748,Livingston-Bartlett,Jessica Lynch,HIN 291,2024-07-07,2020-03-17,2020-01-22,late,4408,69006,17124,those
497355,opportunity,suddenly,2020-10-30,Robert Hansen,because,8277,"Mccoy, Shaw and Joseph",James Russell,ZBH-289,2021-01-18,2023-06-18,2020-11-23,race,6450,35125,89126,company
779251,today,a,2023-11-08,James Matthews,fast,6845,Jones Ltd,Sandra Reed,UD 7765,2024-09-16,2021-05-07,2021-01-17,involve,1920,5133,4665,stage
631033,remember,start,2022-07-03,Robert Miller,young,6398,Davis Inc,Linda Gardner,047 LT6,2024-07-21,2024-05-08,2023-07-04,education,8796,75983,18840,she
893143,religious,reflect,2020-07-13,Corey Stevens,after,3525,"Diaz, Avila and Liu",Derrick Cruz,113E1,2024-05-01,2022-09-04,2021-08-09,bag,8938,47932,3744,professor
706733,listen,town,2022-01-07,Katelyn Vega,voice,4706,"Mays, Alvarez and Clark",Sergio Kaiser,419-ZBO,2020-10-17,2023-11-01,2023-03-24,woman,3378,52067,33130,realize
507245,north,it,2022-11-10,Timothy West,writer,9177,"Reed, Bruce and Lopez",Joseph Whitehead,6-70424R,2024-07-18,2025-03-03,2020-11-07,reason,1194,69106,42291,toward
211395,soon,pull,2020-10-15,Michael Chambers,American,8086,"Hobbs, Daniels and Anderson",Jason Moore,WUY 496,2021-05-14,2020-06-16,2023-06-13,stay,4528,69213,65187,thousand
527899,return,if,2021-12-21,Natalie Bowers,stock,3750,King Inc,Kathleen Ward,CSM 323,2020-04-27,2021-12-19,2024-05-15,receive,8729,1932,11703,girl
990849,technology,nor,2022-08-18,Katherine Brady,right,8997,Owens-Terry,Michael Mason,267 OUM,2024-04-07,2025-02-06,2023-12-15,different,2733,85793,99777,us
970531,message,bit,2024-02-21,Kaitlyn Chavez,watch,7939,Mathews-Oliver,Joseph Daniels,34-RB69,2020-07-17,2020-06-20,2022-08-06,enter,3638,63619,66233,yourself
317023,attack,movie,2021-11-02,Katherine Baker,suddenly,8223,Padilla Ltd,Melissa Fernandez,9DI1123,2024-08-05,2021-04-17,2024-08-31,late,7979,46614,53027,push
888474,education,sort,2023-10-08,Donald Kim,reduce,7423,"Martin, Jones and Rodriguez",Amy Rodriguez,9-J1454,2022-01-06,2023-04-01,2020-09-11,share,9225,54531,69100,better
551108,military,expert,2022-06-04,Alan Moss,source,3358,"Simpson, Nelson and White",Michael Powell,8X LG912,2024-02-13,2022-11-01,2020-10-08,service,4275,77794,68821,upon
791566,experience,many,2022-11-02,Jason Fowler,will,8576,"Valdez, Williams and Jones",Michael Johnson,689I,2022-05-09,2023-10-23,2022-04-11,book,2033,55494,58225,show
528130,field,down,2021-02-25,Eduardo Jackson,before,8979,"Smith, Wood and Perkins",Jordan Koch,798RAD,2024-06-04,2021-07-27,2023-12-10,guy,4059,28840,57636,whom
435176,attack,get,2023-08-07,Joshua Larson,want,5308,"Ellis, Potter and Roberts",Larry Payne,79C 078,2024-03-11,2021-07-29,2022-02-04,employee,1808,83086,79535,want
938161,however,catch,2021-09-25,Lindsey Montgomery,far,6044,Green Group,Angel Reed,54-05593,2020-10-01,2024-06-12,2021-03-24,cover,8034,69539,39654,apply
893576,when,agree,2024-04-16,Nathan Brown,be,7438,"Mccullough, Martinez and Taylor",Susan Espinoza,IKM 2760,2023-01-30,2024-11-11,2024-08-26,challenge,3170,85796,48665,seat
496854,officer,hand,2023-08-20,James Hobbs,democratic,7153,Caldwell and Sons,Brianna Stewart,202-TJE,2021-02-26,2020-06-02,2023-01-02,say,1696,45080,86241,southern
617218,billion,catch,2023-07-05,Jennifer Lee,song,1131,Quinn-Evans,Desiree Jackson DDS,WKX-0598,2023-02-28,2025-05-03,2023-04-15,form,1406,3405,19864,to
898333,minute,couple,2023-07-09,John White,company,4685,Fisher LLC,Christopher Gordon,45S104,2021-06-12,2020-09-05,2024-02-20,voice,2885,1443,39961,yourself
369008,it,song,2024-05-30,Ashley Robinson,four,7749,Cowan-Horton,Samuel Travis,094-QZKV,2021-05-27,2023-07-24,2023-10-10,low,1037,24196,98663,spring
474123,scene,eight,2024-06-04,Laura Choi,against,9508,"Cooke, Morris and Richardson",Jennifer Williams,982-FZFQ,2021-01-04,2024-08-24,2024-07-21,month,6866,66627,82045,group
851559,know,may,2022-04-25,Joshua Martin,toward,3906,Sanchez Inc,Joseph Chapman,1095,2022-08-12,2022-02-20,2025-02-27,traditional,8029,65174,71342,center
241347,main,among,2021-11-14,Timothy Schaefer,system,4488,"Gonzalez, Jones and Tucker",Daniel Garcia,6MD 895,2022-06-25,2021-06-30,2022-05-04,think,8370,14328,83751,table
779404,front,kind,2022-10-03,Amanda Leblanc,page,8658,"Perez, Waters and Johnson",Deanna Compton,JV5 X9B,2021-11-28,2024-09-05,2024-04-14,nation,8053,80107,21898,player
349054,energy,research,2024-03-21,Emily Jones,same,7121,Fernandez-Howard,Megan Flores,44-B557,2021-03-10,2024-03-30,2022-01-15,less,8702,48537,25441,open
340001,dark,the,2025-02-15,Donald Parsons,pressure,4917,Thomas Group,Kara Baker,12-XZ93,2024-06-22,2021-01-23,2021-01-02,fish,6319,41836,25938,right
543809,base,outside,2023-08-24,Juan English,too,5020,"Carter, Wright and Reed",Cody Brown,CRN5058,2023-03-11,2021-08-28,2023-10-10,south,3046,36566,26829,keep
430905,response,somebody,2020-03-30,Briana Rogers,son,7635,Brown-Johnson,Jennifer Thornton,1UY 896,2021-01-07,2020-05-01,2021-12-31,standard,1525,77176,5673,baby
405238,admit,any,2022-10-22,Paul Williams,listen,3721,Ramsey-Harris,Dr. Tara Moore,CQV 036,2023-01-09,2023-09-24,2022-04-13,will,4442,56352,49614,close
814057,radio,join,2023-01-28,William White,officer,3954,"Collins, King and Williams",Scott Moore,2KXE341,2023-08-05,2021-05-02,2020-07-25,would,9987,57799,85034,management
568348,year,glass,2021-01-26,Douglas Knight,your,6643,"Little, Anderson and Palmer",Christopher Armstrong,16-0625M,2022-09-12,2022-11-04,2021-01-30,manage,8645,77436,94669,against
403829,career,plant,2020-04-17,Andre Clay,fund,4242,"Brown, Forbes and Reeves",Jesse Miller,ZGC-0011,2025-03-09,2020-01-28,2024-11-11,nor,2379,82499,82318,hear
847592,themselves,current,2023-09-23,Rebecca Orozco,meeting,8691,"Salinas, Shelton and Randolph",Alicia Kelly,WBX1661,2024-11-03,2024-10-30,2023-07-05,least,4547,32944,93862,peace
577853,only,tend,2024-09-21,Margaret Johnson,possible,9221,Murray-Nicholson,Crystal Jensen,4FI 895,2020-11-20,2024-07-24,2022-07-04,fight,4399,45881,91455,man
571959,he,walk,2024-01-10,Dr. Vanessa Anderson,design,8390,"Garrett, Chan and Hansen",Chelsea Brown,EFS 754,2024-12-19,2024-11-27,2021-01-25,accept,7170,8810,61682,follow
299698,study,animal,2024-03-09,Jody Gonzalez,out,9119,Frank LLC,Theresa Acosta,9HH9928,2025-03-10,2022-09-17,2021-07-17,six,2255,46337,52846,ten
763525,year,whatever,2024-10-17,Stephanie Mccoy DDS,only,4976,"Smith, Harrington and Estrada",Darren Stewart,337 5MQ,2020-05-29,2020-08-31,2022-11-29,small,7651,5885,9373,south
165204,win,build,2023-08-28,Susan Shelton,end,7960,Carter-Jenkins,Ryan Russell,151-MDL,2020-11-28,2025-02-02,2024-09-08,of,8212,41411,73402,network
901348,sometimes,language,2024-02-22,Sabrina Perez,enough,2737,Harris-Newman,Alvin Hall,3IA52,2022-07-24,2020-02-07,2023-04-20,fast,4524,60968,55777,relate
438367,language,along,2020-02-09,Cheryl Parks,star,7790,Washington-Sanders,Gabriela Reyes,LFO 143,2022-03-25,2025-01-18,2020-05-29,win,3702,62219,19553,item
697492,part,information,2021-10-22,Vanessa Williams,lot,3540,Smith Ltd,Jason Rodriguez,GFO4634,2022-10-27,2021-10-20,2021-06-29,father,1667,48037,27467,cup
547618,hair,tend,2022-06-20,Cristian Morales,center,2106,Anderson-Thompson,Scott Johnson,184 FYJ,2022-01-05,2020-06-24,2020-11-12,range,3447,66713,7921,since
688716,them,yes,2021-01-06,Robert Young,on,5575,Hall-Harris,George Henderson,YDL 984,2023-09-02,2024-08-16,2024-02-04,wish,5732,46587,12229,action
345450,strategy,great,2025-01-07,Eric Price,defense,2602,"Garcia, Tran and Bell",Dawn Sanders,9BF0382,2022-01-25,2020-10-12,2020-05-20,though,4788,37391,71726,on
178182,TV,paper,2021-11-13,James Chavez,game,6273,"Ibarra, Berg and Williams",Angela Oliver,87-6530E,2024-03-25,2020-07-14,2022-11-29,see,7648,47902,21226,well
146958,record,couple,2023-03-21,Cassandra Arnold,chair,3707,"Reynolds, Floyd and Torres",Alexander Klein,58O H86,2020-06-29,2024-12-31,2020-04-28,chance,7970,69814,81484,market
839901,machine,scientist,2022-11-24,Donna White,cause,9328,Gomez-Smith,Brittany Rodriguez,KGS-2074,2021-05-26,2021-10-18,2024-09-08,name,8660,8247,60712,sit
691158,player,here,2025-01-01,Patrick King,hot,2989,Griffith PLC,Jeffrey Wade,EC-9459,2022-05-29,2023-11-23,2020-10-21,market,9659,47646,97017,keep
733544,seem,time,2023-10-10,Natasha Jensen,throughout,3391,"Weeks, Holt and Golden",Debbie Conner,ZDK4164,2022-05-24,2023-06-20,2020-08-15,political,4526,49976,81447,challenge
410030,experience,executive,2023-06-23,Kathryn Johnson,quite,8453,Marshall-Strong,Kyle Myers,WPM O10,2020-02-26,2021-05-28,2021-05-05,miss,2350,28094,12829,year
781887,democratic,heart,2024-03-11,Carl Lopez,actually,8854,Hodges-Richardson,Rodney Mendez,636 JUW,2023-02-02,2020-11-07,2021-11-05,exist,2489,61110,99156,maybe
437201,office,determine,2023-01-14,Bob Sanchez,maintain,1017,"Williams, Coffey and Dunlap",Mr. Joseph Collins,XTS8258,2022-06-22,2023-11-06,2022-08-30,debate,7047,73304,45130,minute
482692,point,subject,2024-04-01,Robin Silva,condition,7954,Lee-Stone,Eric Anderson,79-PG51,2022-08-02,2021-03-13,2022-06-11,hot,4075,97984,3024,top
275949,free,discuss,2025-04-11,Juan Martin,itself,7719,Cooley-Frank,Gary Brown,972BL,2023-01-12,2020-05-26,2022-06-11,discuss,8630,26863,45547,appear
440264,voice,you,2022-10-30,David Taylor,notice,8170,"Hines, Jimenez and Barajas",Angela Mathews,I61 8FM,2020-09-02,2022-09-27,2022-12-05,plant,7705,38441,92467,season
757521,ok,public,2022-12-13,Meagan Ramirez,hour,1532,"Faulkner, Vaughan and Barrett",Cynthia Hensley,175 AVQ,2022-03-30,2021-11-21,2020-03-09,include,6487,17228,81305,check
749783,local,house,2020-07-19,Mrs. Crystal Fox,offer,4140,"Hansen, Sloan and Mason",Summer Nunez,827 OTW,2022-06-27,2022-06-24,2022-11-24,moment,3171,79487,86779,especially
523343,company,recognize,2021-08-26,Gary Garcia,tax,5444,Dorsey Inc,James Moore,1GU6760,2020-02-15,2020-03-20,2022-08-31,officer,2583,95546,5099,detail
182377,bit,let,2024-06-10,Karen Burgess,some,4868,Carney Inc,Scott Porter,C82 5XA,2024-01-14,2020-05-25,2022-04-15,share,3537,13162,15372,open
784985,agree,think,2025-02-16,Daniel Johnson,question,7000,"Delgado, Green and Jones",Joe Hansen,9TI0188,2024-08-18,2022-08-31,2021-11-21,country,6109,65173,85786,any
460678,final,head,2020-06-18,Thomas Yoder,early,1514,Bailey-Nelson,Jason Robertson,9U 87722,2022-09-09,2020-09-20,2024-02-21,necessary,6930,53661,38510,walk
954045,I,attorney,2023-04-14,Veronica Evans,view,7832,"Singh, Solis and Mercado",Lauren Sanchez,PQA-295,2024-07-13,2023-05-09,2023-07-30,glass,7553,18125,42049,turn
806984,fast,professional,2022-06-28,Andrew Lynch,small,6305,Edwards LLC,Haley Hobbs,0M W5553,2020-07-21,2023-11-27,2022-07-17,hand,7754,29079,52267,bank
627513,huge,easy,2025-01-09,Norman Moore,model,9242,Mack-Miller,Penny King,7V 5977T,2025-04-24,2020-07-14,2020-01-21,others,8371,86133,52503,west
701323,piece,election,2025-04-03,Sharon Johnson,easy,3882,"Fitzgerald, Gonzales and Walter",Tiffany Kennedy,354 XQL,2024-03-10,2021-08-02,2021-03-04,company,9598,57249,45929,office
139898,reason,smile,2023-01-15,Patrick Barton,site,3502,"Cuevas, Elliott and Combs",Ashlee Crawford,753-AEM,2024-03-31,2020-11-09,2025-02-13,environmental,8611,22945,31909,other
507230,thing,like,2024-09-07,Patricia Diaz,rate,1210,French-Williams,Andrew Bradley,LFE-7012,2021-09-07,2022-09-21,2024-06-14,partner,5758,18511,85718,amount
709524,clear,memory,2022-12-12,Heather Johnson,assume,5718,Graham-Wolf,Mrs. Mary Cross,7N 52780,2023-05-24,2024-12-07,2021-02-18,run,7465,32607,69721,boy
641333,she,study,2021-09-05,Amy Daugherty,director,9557,"Harmon, Thomas and Wagner",Kimberly Ross,87L 010,2021-08-15,2023-03-26,2020-09-01,focus,9315,92,25032,put
155668,major,art,2020-05-28,Sharon Stephenson,professional,1062,Wu Group,Phillip Harrison,248 ZTF,2022-12-07,2024-03-08,2023-11-03,far,6698,51261,38911,instead
648803,security,hot,2023-07-09,Emma Hernandez,serve,9746,Houston-Rodriguez,Tyler Richardson,697NUI,2024-07-21,2021-06-25,2020-08-15,second,5496,42785,57059,smile
446901,dinner,age,2022-07-10,Kelly Woods,security,1830,Ward PLC,Carolyn Medina,434-ZOR,2021-01-07,2020-06-25,2024-10-25,sing,5510,42356,17641,husband
997272,site,because,2024-08-15,Rodney Fuentes,series,2249,"White, Hernandez and Dunlap",John Harvey,HQR 549,2022-03-22,2023-08-27,2020-09-18,per,1576,52655,17188,pay
634450,PM,form,2022-05-04,Patricia Sanchez,in,3854,Barnes Inc,Melissa Mills,0HJ 763,2021-09-17,2024-10-25,2024-05-20,she,1806,18125,36338,yes
857084,bag,move,2022-08-27,Katherine Cervantes,little,3569,"Rodriguez, Moreno and Collins",Stephanie Sanford,819F,2020-09-07,2023-04-30,2025-03-08,fine,2535,22347,37175,draw
992914,out,deep,2021-04-08,Jill Lopez,process,2936,Hunt Inc,David Yoder,4KJ 831,2020-08-22,2020-05-06,2022-08-15,forget,7196,80833,27863,watch
919361,air,law,2023-06-27,Michelle Cooley,series,2576,Myers Group,James Henderson,921 LUW,2023-11-10,2022-04-29,2023-03-24,cup,1012,64825,29317,budget
542103,truth,event,2024-10-09,Debra Peterson,control,6370,Moore-Dougherty,Joshua Daniels,220 8IR,2020-04-14,2021-11-01,2020-05-05,middle,7752,97387,34304,usually
389850,fill,thank,2021-02-04,Jonathan Coleman,large,8510,Zamora-Barrera,Bradley Nelson DVM,0JW1830,2021-03-04,2024-02-06,2020-05-27,score,3509,47088,47672,service
465439,three,Republican,2024-07-05,Matthew Perez,admit,7371,"Cole, Hendricks and French",Ann Fernandez,7VA R44,2024-02-13,2022-12-16,2023-05-30,power,6461,54629,49900,rock
587444,form,establish,2024-11-14,John Harris,very,2623,Brown-Sanchez,Joan Sims,M31-31U,2021-08-05,2022-05-31,2022-10-15,opportunity,6517,33208,170,throughout
254609,interesting,door,2022-11-17,Jennifer Robinson,charge,7237,Cooper PLC,Tricia Wilson,218 ZGS,2024-07-22,2020-07-13,2021-12-15,seven,2749,19625,16223,become
757454,particularly,week,2025-04-29,Virginia Barker,establish,9882,Murillo-Wilson,Katherine Hernandez,4-34553,2021-04-06,2020-09-29,2021-09-01,such,9653,91779,64641,teacher
560282,language,now,2022-10-24,Kevin Miller,condition,1475,Avila-Bradford,Matthew Dixon,935JS,2023-09-12,2022-08-11,2020-09-27,gun,2753,1960,11984,off
133701,list,material,2020-10-29,Lisa Johnson,common,5835,Hayes-Morales,Donna Mack,660MW,2023-08-06,2020-11-12,2024-07-12,build,9912,88616,48616,partner
563449,child,just,2024-08-23,Terri Riley,personal,5755,Cervantes-Velasquez,Marcus Mason,624 FZB,2023-12-16,2020-03-16,2022-04-08,article,2921,46122,55932,special
443007,find,man,2022-02-12,Thomas King,several,1527,"Brennan, Long and Riley",Robert Moore,581VVP,2024-11-29,2023-11-17,2024-11-28,improve,1107,24756,25345,statement
984458,sense,live,2021-04-26,Matthew Blake,difficult,6242,"Martin, Perez and Smith",Adam Neal,GEG 495,2020-03-04,2024-01-28,2020-08-03,piece,4852,234,89187,entire
903584,either,argue,2023-03-23,Anthony Jones,dinner,6579,"Gonzalez, Banks and Ramirez",Jennifer Brooks,949-LHY,2024-11-20,2023-11-22,2021-01-03,daughter,4530,28997,67499,full
511170,film,of,2024-10-19,Jamie Wilson,possible,2254,Green-Cole,Elizabeth Davis,87F BX9,2024-06-14,2022-11-20,2023-01-29,center,5007,29422,92224,consider
676292,reveal,trouble,2023-11-28,Tiffany Lynch,fish,4540,Fleming Group,Jessica Hurley,RGN-4633,2024-08-29,2020-01-22,2023-09-05,go,6182,895,98624,itself
409279,fish,it,2020-12-07,Anna Mathis,drug,8971,Weaver Inc,Daniel Allen,8G179,2022-12-25,2021-05-15,2021-07-09,boy,7887,71202,69609,often
765495,check,first,2021-03-15,Amy Sullivan,sense,6954,"Jordan, Cunningham and Allen",Megan Allen,8U914,2022-08-18,2022-05-03,2020-12-15,realize,8507,58718,96536,like
805095,movie,benefit,2020-12-15,Gabrielle Hamilton,hundred,9685,Reeves-Rodriguez,Paul Myers,85D J50,2024-10-28,2020-12-17,2023-06-11,science,8595,67935,58936,three
354669,occur,question,2023-01-15,Lauren Smith,point,8939,Bowen PLC,Reginald Jackson,970 0XQ,2024-02-12,2022-04-01,2020-07-06,again,5482,21901,78530,indicate
730223,marriage,begin,2021-12-04,Preston Flores,organization,5811,"Smith, Smith and Castillo",Alison Huynh,ZDR-832,2021-10-06,2022-02-04,2023-01-07,both,6470,18069,88863,cost
876488,condition,civil,2021-11-09,Cynthia Drake,hospital,6270,Clark Group,Emily Chapman,966XPX,2022-10-24,2024-04-30,2023-01-03,forget,8319,87762,87966,sport
420472,stop,organization,2022-08-12,Kyle Hall,energy,9607,Wilkinson Inc,April Jackson,3W 8H5UMJ,2022-07-27,2022-12-21,2021-08-23,site,4010,29759,22758,news
408636,over,admit,2024-11-18,Jose Morris,common,6006,Hamilton-Robinson,Brett Cannon,TKJ-5820,2022-04-29,2020-09-28,2023-09-21,and,5272,36347,24620,identify
617948,paper,indicate,2021-07-14,Elijah Perez,huge,8230,Sherman-Fernandez,Rachel Johnson,NHW 246,2024-12-27,2022-10-17,2022-06-15,natural,8311,5944,43160,within
255914,democratic,watch,2024-12-30,Sarah Burns,surface,6460,Arnold-Parks,Meagan Carpenter,P13 1RN,2020-02-04,2022-07-12,2020-12-30,type,6606,43960,77854,own
984554,else,fine,2021-12-19,Tiffany Middleton,return,6715,Livingston PLC,Matthew Vargas,484 SSX,2024-06-17,2021-12-20,2021-11-25,west,8832,65542,92908,despite
625338,almost,education,2021-01-18,Denise Sloan,feeling,8974,Barrett LLC,Gloria White,37M269,2020-05-31,2021-02-17,2021-09-11,marriage,1590,49070,96644,degree
935535,trip,blue,2020-09-14,Candace Ramirez,name,6440,Walker and Sons,Daniel Brady,6Y UG454,2022-02-19,2024-10-22,2024-04-03,against,1742,46071,62159,share
666679,garden,water,2023-06-03,Kelly Allen,mind,2127,Bowen LLC,William Bowers,346-BHX,2020-02-02,2024-08-18,2023-04-08,general,9412,60045,18967,may
139898,reason,smile,2023-01-15,Patrick Barton,site,3502,"Cuevas, Elliott and Combs",Ashlee Crawford,753-AEM,2024-03-31,2020-11-09,2025-02-13,environmental,8611,22945,31909,other
507221,very,lead,2021-02-14,Daniel Edwards,building,8815,Butler-Sutton,Susan Simmons,480HTM,2021-05-12,2021-04-03,2020-06-29,treatment,8543,47097,83529,six
806984,fast,professional,2022-06-28,Andrew Lynch,small,6305,Edwards LLC,Haley Hobbs,0M W5553,2020-07-21,2023-11-27,2022-07-17,hand,7754,29079,52267,bank
480740,own,generation,2024-01-15,Dr. Michael Williams,dog,6947,Taylor Group,Samantha Taylor,54HK698,2024-07-30,2024-04-08,2022-09-21,police,3538,83476,19373,say
617218,billion,catch,2023-07-05,Jennifer Lee,song,1131,Quinn-Evans,Desiree Jackson DDS,WKX-0598,2023-02-28,2025-05-03,2023-04-15,form,1406,3405,19864,to
813046,fact,institution,2022-09-09,William Hancock,set,2657,Kelley-Dorsey,Jamie Rivera,I66-SEA,2024-04-08,2022-08-13,2022-08-17,clear,1497,20817,4817,hot
780592,law,response,2022-04-17,Laurie Castro,blue,2577,"Lane, Grant and Hall",Robert Ellis,KIV-765,2021-03-30,2021-02-16,2023-02-25,live,2006,30064,54470,newspaper
288193,make,six,2020-04-09,Michael Figueroa,it,7676,"Smith, Johnson and Ramirez",Melissa Bradley,GKS 747,2021-06-11,2020-07-01,2024-06-25,learn,8452,43693,32109,tend
625338,almost,education,2021-01-18,Denise Sloan,feeling,8974,Barrett LLC,Gloria White,37M269,2020-05-31,2021-02-17,2021-09-11,marriage,1590,49070,96644,degree
275949,free,discuss,2025-04-11,Juan Martin,itself,7719,Cooley-Frank,Gary Brown,972BL,2023-01-12,2020-05-26,2022-06-11,discuss,8630,26863,45547,appear
133701,list,material,2020-10-29,Lisa Johnson,common,5835,Hayes-Morales,Donna Mack,660MW,2023-08-06,2020-11-12,2024-07-12,build,9912,88616,48616,partner
781887,democratic,heart,2024-03-11,Carl Lopez,actually,8854,Hodges-Richardson,Rodney Mendez,636 JUW,2023-02-02,2020-11-07,2021-11-05,exist,2489,61110,99156,maybe
563449,child,just,2024-08-23,Terri Riley,personal,5755,Cervantes-Velasquez,Marcus Mason,624 FZB,2023-12-16,2020-03-16,2022-04-08,article,2921,46122,55932,special
943720,realize,try,2025-03-26,Sean Torres,away,4005,Graham-Hill,Michael Tyler,424-DKZ,2020-03-15,2021-12-17,2024-11-10,film,7402,4716,52522,social
847592,themselves,current,2023-09-23,Rebecca Orozco,meeting,8691,"Salinas, Shelton and Randolph",Alicia Kelly,WBX1661,2024-11-03,2024-10-30,2023-07-05,least,4547,32944,93862,peace
709524,clear,memory,2022-12-12,Heather Johnson,assume,5718,Graham-Wolf,Mrs. Mary Cross,7N 52780,2023-05-24,2024-12-07,2021-02-18,run,7465,32607,69721,boy
420472,stop,organization,2022-08-12,Kyle Hall,energy,9607,Wilkinson Inc,April Jackson,3W 8H5UMJ,2022-07-27,2022-12-21,2021-08-23,site,4010,29759,22758,news
443007,find,man,2022-02-12,Thomas King,several,1527,"Brennan, Long and Riley",Robert Moore,581VVP,2024-11-29,2023-11-17,2024-11-28,improve,1107,24756,25345,statement
568348,year,glass,2021-01-26,Douglas Knight,your,6643,"Little, Anderson and Palmer",Christopher Armstrong,16-0625M,2022-09-12,2022-11-04,2021-01-30,manage,8645,77436,94669,against
608727,garden,decide,2020-03-06,Charles Wood,shake,3805,Hill PLC,Justin Bradley,CFN-035,2023-12-12,2022-07-06,2023-12-04,term,2721,64742,86704,agreement
241347,main,among,2021-11-14,Timothy Schaefer,system,4488,"Gonzalez, Jones and Tucker",Daniel Garcia,6MD 895,2022-06-25,2021-06-30,2022-05-04,think,8370,14328,83751,table
627513,huge,easy,2025-01-09,Norman Moore,model,9242,Mack-Miller,Penny King,7V 5977T,2025-04-24,2020-07-14,2020-01-21,others,8371,86133,52503,west
288193,make,six,2020-04-09,Michael Figueroa,it,7676,"Smith, Johnson and Ramirez",Melissa Bradley,GKS 747,2021-06-11,2020-07-01,2024-06-25,learn,8452,43693,32109,tend
898333,minute,couple,2023-07-09,John White,company,4685,Fisher LLC,Christopher Gordon,45S104,2021-06-12,2020-09-05,2024-02-20,voice,2885,1443,39961,yourself
984554,else,fine,2021-12-19,Tiffany Middleton,return,6715,Livingston PLC,Matthew Vargas,484 SSX,2024-06-17,2021-12-20,2021-11-25,west,8832,65542,92908,despite
661115,accept,east,2023-12-26,Dustin Smith,all,6028,Mccormick LLC,Gregory Reese,516 1FF,2020-06-25,2024-05-06,2021-01-21,dark,9780,66953,31513,good
568348,year,glass,2021-01-26,Douglas Knight,your,6643,"Little, Anderson and Palmer",Christopher Armstrong,16-0625M,2022-09-12,2022-11-04,2021-01-30,manage,8645,77436,94669,against
361279,middle,guess,2025-01-18,Shelby Arnold,compare,8606,"Butler, Mckee and Lambert",Michael Williams,SLV 134,2022-04-08,2020-01-31,2020-03-25,medical,1127,77401,34686,ago
568348,year,glass,2021-01-26,Douglas Knight,your,6643,"Little, Anderson and Palmer",Christopher Armstrong,16-0625M,2022-09-12,2022-11-04,2021-01-30,manage,8645,77436,94669,against
676292,reveal,trouble,2023-11-28,Tiffany Lynch,fish,4540,Fleming Group,Jessica Hurley,RGN-4633,2024-08-29,2020-01-22,2023-09-05,go,6182,895,98624,itself
172326,they,like,2021-06-21,Regina Young,voice,3264,Waters-Morgan,David Adams,HA9 3335,2022-02-26,2021-06-27,2021-08-07,quality,5478,94314,40673,sign
508269,organization,son,2021-03-18,Michael Jones,effect,3364,"Grant, Sanchez and Mcdonald",George Meyers,792 KQY,2023-11-25,2021-08-01,2024-10-23,once,6106,10340,38847,sister
911822,between,city,2023-12-15,Caitlin Wolfe,control,2186,"Carroll, Campbell and Silva",Jennifer Price,SH-7306,2024-04-04,2021-02-18,2020-11-11,kitchen,9697,77439,48698,say
463162,great,kitchen,2023-04-16,Christopher Hardin,while,7149,King PLC,Daniel Butler,EPS 916,2020-01-04,2022-09-12,2025-03-28,cost,1808,76103,41124,possible
964910,read,hair,2022-08-24,April Alvarez,growth,9528,Fuller-Cain,Melinda Klein,IZR 945,2023-12-02,2021-02-15,2021-02-23,question,3291,60536,15723,audience
814057,radio,join,2023-01-28,William White,officer,3954,"Collins, King and Williams",Scott Moore,2KXE341,2023-08-05,2021-05-02,2020-07-25,would,9987,57799,85034,management
984458,sense,live,2021-04-26,Matthew Blake,difficult,6242,"Martin, Perez and Smith",Adam Neal,GEG 495,2020-03-04,2024-01-28,2020-08-03,piece,4852,234,89187,entire
389850,fill,thank,2021-02-04,Jonathan Coleman,large,8510,Zamora-Barrera,Bradley Nelson DVM,0JW1830,2021-03-04,2024-02-06,2020-05-27,score,3509,47088,47672,service
178182,TV,paper,2021-11-13,James Chavez,game,6273,"Ibarra, Berg and Williams",Angela Oliver,87-6530E,2024-03-25,2020-07-14,2022-11-29,see,7648,47902,21226,well
408636,over,admit,2024-11-18,Jose Morris,common,6006,Hamilton-Robinson,Brett Cannon,TKJ-5820,2022-04-29,2020-09-28,2023-09-21,and,5272,36347,24620,identify
